Anio,Mes,Alliance,region_norm,usuarios_activos,horas_totales,registros
2021,2,IQ Primaria,Sin ubicación,5,0.6,14
2021,3,IQ Primaria,Sin ubicación,1,0.4,9
2021,4,IQ Primaria,Sin ubicación,1,0.4,6
2021,5,IQ Primaria,Sin ubicación,7,2.2,36
2021,6,IQ Primaria,Sin ubicación,11,1.9,40
2021,7,IQ Primaria,Sin ubicación,7,0.8,17
2021,8,IQ Primaria,Sin ubicación,8,0.7,24
2021,9,IQ Primaria,Sin ubicación,20,6.0,102
2021,10,IQ Primaria,Sin ubicación,16,2.8,67
2021,11,IQ Primaria,BAHORUCO,1,0.5,8
2021,11,IQ Primaria,BARAHONA,3,0.1,3
2021,11,IQ Primaria,HIGUEY,1,0.1,2
2021,11,IQ Primaria,LA VEGA,2,0.2,4
2021,11,IQ Primaria,MAO,4,0.1,7
2021,11,IQ Primaria,NAGUA,1,0.1,1
2021,11,IQ Primaria,PUERTO PLATA,1,0.1,4
2021,11,IQ Primaria,SAN FRANCISCO DE MACORIS,1,0.0,1
2021,11,IQ Primaria,SANTO DOMINGO,18,1.8,40
2021,11,IQ Primaria,Sin ubicación,38,4.0,96
2021,12,IQ Primaria,BAHORUCO,1,0.1,3
2021,12,IQ Primaria,SANTO DOMINGO,16,1.3,29
2021,12,IQ Primaria,Sin ubicación,13,1.3,40
2022,1,IQ Primaria,BAHORUCO,1,0.1,3
2022,1,IQ Primaria,LA VEGA,1,0.1,2
2022,1,IQ Primaria,NAGUA,2,0.0,2
2022,1,IQ Primaria,PUERTO PLATA,2,0.1,4
2022,1,IQ Primaria,SANTO DOMINGO,14,1.8,41
2022,1,IQ Primaria,Sin ubicación,9,1.5,37
2022,2,IQ Primaria,BAHORUCO,4,68.4,14
2022,2,IQ Primaria,LA VEGA,1,0.1,2
2022,2,IQ Primaria,MAO,1,8.0,1
2022,2,IQ Primaria,PUERTO PLATA,1,0.0,2
2022,2,IQ Primaria,SAN CRISTOBAL,3,12.4,7
2022,2,IQ Primaria,SAN JUAN DE LA MAGUANA,1,0.2,1
2022,2,IQ Primaria,SANTO DOMINGO,27,88.0,47
2022,2,IQ Primaria,Sin ubicación,22,273.5,69
2022,3,IQ Primaria,BAHORUCO,1,38.0,3
2022,3,IQ Primaria,BARAHONA,1,11.7,4
2022,3,IQ Primaria,COTUI,1,0.1,1
2022,3,IQ Primaria,HIGUEY,4,21.0,6
2022,3,IQ Primaria,LA VEGA,9,25.8,13
2022,3,IQ Primaria,MAO,1,3.8,1
2022,3,IQ Primaria,MONTE CRISTI,2,0.5,2
2022,3,IQ Primaria,PUERTO PLATA,1,1.5,1
2022,3,IQ Primaria,SAN JUAN DE LA MAGUANA,2,5.6,3
2022,3,IQ Primaria,SANTIAGO,22,299.1,55
2022,3,IQ Primaria,SANTO DOMINGO,23,66.3,37
2022,3,IQ Primaria,Sin ubicación,45,484.3,105
2022,4,IQ Primaria,BAHORUCO,3,2.8,3
2022,4,IQ Primaria,BARAHONA,2,32.3,7
2022,4,IQ Primaria,COTUI,10,57.6,20
2022,4,IQ Primaria,HIGUEY,17,61.2,26
2022,4,IQ Primaria,LA VEGA,4,13.0,5
2022,4,IQ Primaria,MAO,5,51.6,13
2022,4,IQ Primaria,MONTE CRISTI,2,12.5,4
2022,4,IQ Primaria,NAGUA,2,4.3,2
2022,4,IQ Primaria,PUERTO PLATA,2,18.6,4
2022,4,IQ Primaria,SAN FRANCISCO DE MACORIS,2,2.3,3
2022,4,IQ Primaria,SANTIAGO,33,247.3,65
2022,4,IQ Primaria,SANTO DOMINGO,76,348.7,129
2022,4,IQ Primaria,Sin ubicación,120,964.2,224
2022,5,IQ Primaria,AZUA,4,40.5,16
2022,5,IQ Primaria,BAHORUCO,10,30.1,20
2022,5,IQ Primaria,BARAHONA,4,139.2,26
2022,5,IQ Primaria,COTUI,7,36.8,20
2022,5,IQ Primaria,LA VEGA,19,126.6,41
2022,5,IQ Primaria,MAO,19,73.3,27
2022,5,IQ Primaria,MONTE CRISTI,3,9.7,5
2022,5,IQ Primaria,NAGUA,14,122.9,39
2022,5,IQ Primaria,PUERTO PLATA,3,1.5,4
2022,5,IQ Primaria,SAN CRISTOBAL,4,25.4,8
2022,5,IQ Primaria,SAN FRANCISCO DE MACORIS,3,2.3,3
2022,5,IQ Primaria,SAN JUAN DE LA MAGUANA,1,16.7,5
2022,5,IQ Primaria,SAN PEDRO DE MACORIS,2,0.2,2
2022,5,IQ Primaria,SANTIAGO,31,154.6,50
2022,5,IQ Primaria,SANTO DOMINGO,207,1191.8,415
2022,5,IQ Primaria,Sin ubicación,246,2024.9,581
2022,6,IQ Primaria,AZUA,3,21.6,5
2022,6,IQ Primaria,BARAHONA,3,6.4,8
2022,6,IQ Primaria,COTUI,2,0.1,2
2022,6,IQ Primaria,LA VEGA,4,15.5,4
2022,6,IQ Primaria,MAO,1,36.7,6
2022,6,IQ Primaria,MONTE CRISTI,1,6.6,1
2022,6,IQ Primaria,NAGUA,4,45.6,13
2022,6,IQ Primaria,PUERTO PLATA,1,4.7,1
2022,6,IQ Primaria,SAN FRANCISCO DE MACORIS,2,10.4,2
2022,6,IQ Primaria,SAN PEDRO DE MACORIS,2,1.6,2
2022,6,IQ Primaria,SANTIAGO,14,72.8,21
2022,6,IQ Primaria,SANTO DOMINGO,86,442.1,155
2022,6,IQ Primaria,Sin ubicación,101,823.3,223
2022,7,IQ Primaria,AZUA,4,41.8,10
2022,7,IQ Primaria,BAHORUCO,2,0.6,2
2022,7,IQ Primaria,BARAHONA,3,25.0,8
2022,7,IQ Primaria,HIGUEY,4,14.8,5
2022,7,IQ Primaria,LA VEGA,3,18.8,9
2022,7,IQ Primaria,MAO,14,58.1,39
2022,7,IQ Primaria,MONTE PLATA,1,3.2,1
2022,7,IQ Primaria,NAGUA,1,1.7,2
2022,7,IQ Primaria,SAN CRISTOBAL,2,1.7,4
2022,7,IQ Primaria,SAN FRANCISCO DE MACORIS,1,0.0,1
2022,7,IQ Primaria,SAN JUAN DE LA MAGUANA,1,9.5,2
2022,7,IQ Primaria,SAN PEDRO DE MACORIS,3,9.2,4
2022,7,IQ Primaria,SANTIAGO,4,2.9,4
2022,7,IQ Primaria,SANTO DOMINGO,36,62.6,42
2022,7,IQ Primaria,Sin ubicación,64,261.0,107
2022,8,IQ Primaria,AZUA,1,4.1,3
2022,8,IQ Primaria,BARAHONA,2,43.9,12
2022,8,IQ Primaria,COTUI,1,0.5,1
2022,8,IQ Primaria,HIGUEY,2,2.2,2
2022,8,IQ Primaria,LA VEGA,1,0.7,2
2022,8,IQ Primaria,MAO,2,1.4,2
2022,8,IQ Primaria,NAGUA,2,1.8,2
2022,8,IQ Primaria,SANTIAGO,1,20.4,7
2022,8,IQ Primaria,SANTO DOMINGO,25,70.1,42
2022,8,IQ Primaria,Sin ubicación,27,254.7,71
2022,8,IQ Secundaria,AZUA,1,1.6,1
2022,8,IQ Secundaria,SANTIAGO,1,376.9,10
2022,8,IQ Secundaria,SANTO DOMINGO,1,12.3,4
2022,8,IQ Secundaria,Sin ubicación,1,1.6,1
2022,9,512,Sin ubicación,1,0.2,1
2022,9,IQ Primaria,AZUA,2,14.6,13
2022,9,IQ Primaria,BARAHONA,5,56.1,13
2022,9,IQ Primaria,LA VEGA,3,1.7,3
2022,9,IQ Primaria,MAO,6,2.5,6
2022,9,IQ Primaria,MONTE CRISTI,1,0.4,2
2022,9,IQ Primaria,MONTE PLATA,1,0.1,1
2022,9,IQ Primaria,NAGUA,2,2.1,2
2022,9,IQ Primaria,PUERTO PLATA,2,0.2,2
2022,9,IQ Primaria,SAN CRISTOBAL,3,0.9,3
2022,9,IQ Primaria,SAN JUAN DE LA MAGUANA,3,9.6,4
2022,9,IQ Primaria,SAN PEDRO DE MACORIS,2,3.4,2
2022,9,IQ Primaria,SANTIAGO,1,5.8,3
2022,9,IQ Primaria,SANTO DOMINGO,16,55.1,33
2022,9,IQ Primaria,Sin ubicación,32,435.9,78
2022,9,IQ Secundaria,AZUA,6,10.1,8
2022,9,IQ Secundaria,BAHORUCO,1,2.8,2
2022,9,IQ Secundaria,LA VEGA,3,23.7,9
2022,9,IQ Secundaria,MONTE PLATA,1,6.2,3
2022,9,IQ Secundaria,NAGUA,1,0.2,1
2022,9,IQ Secundaria,PUERTO PLATA,2,6.4,2
2022,9,IQ Secundaria,SAN FRANCISCO DE MACORIS,2,3.2,2
2022,9,IQ Secundaria,SAN JUAN DE LA MAGUANA,1,0.5,1
2022,9,IQ Secundaria,SAN PEDRO DE MACORIS,2,2.1,3
2022,9,IQ Secundaria,SANTIAGO,42,518.7,80
2022,9,IQ Secundaria,SANTO DOMINGO,52,256.6,95
2022,9,IQ Secundaria,Sin ubicación,46,158.6,74
2022,10,512,AZUA,302,1060.3,303
2022,10,512,BAHORUCO,23,103.4,23
2022,10,512,BARAHONA,198,233.6,198
2022,10,512,COTUI,46,410.2,47
2022,10,512,HIGUEY,232,1089.4,232
2022,10,512,LA VEGA,507,2008.6,507
2022,10,512,MAO,56,269.9,56
2022,10,512,MONTE CRISTI,59,282.3,59
2022,10,512,MONTE PLATA,20,5.6,20
2022,10,512,NAGUA,57,139.6,58
2022,10,512,PUERTO PLATA,187,531.1,187
2022,10,512,SAN CRISTOBAL,257,468.5,258
2022,10,512,SAN FRANCISCO DE MACORIS,160,264.7,162
2022,10,512,SAN JUAN DE LA MAGUANA,109,205.7,109
2022,10,512,SAN PEDRO DE MACORIS,364,1307.3,365
2022,10,512,SANTIAGO,486,1292.2,487
2022,10,512,SANTO DOMINGO,3152,12837.5,3167
2022,10,512,Sin ubicación,13181,41063.8,13207
2022,10,IQ Primaria,AZUA,3,6.3,6
2022,10,IQ Primaria,BARAHONA,3,17.4,12
2022,10,IQ Primaria,HIGUEY,3,10.0,4
2022,10,IQ Primaria,LA VEGA,1,0.8,1
2022,10,IQ Primaria,MAO,4,50.2,8
2022,10,IQ Primaria,MONTE CRISTI,1,0.3,1
2022,10,IQ Primaria,NAGUA,4,69.1,18
2022,10,IQ Primaria,PUERTO PLATA,1,10.5,2
2022,10,IQ Primaria,SAN CRISTOBAL,1,6.0,1
2022,10,IQ Primaria,SAN FRANCISCO DE MACORIS,1,0.1,1
2022,10,IQ Primaria,SAN JUAN DE LA MAGUANA,1,1.1,3
2022,10,IQ Primaria,SANTO DOMINGO,25,153.7,50
2022,10,IQ Primaria,Sin ubicación,67,819.7,161
2022,10,IQ Secundaria,AZUA,5,29.8,12
2022,10,IQ Secundaria,BAHORUCO,3,8.7,4
2022,10,IQ Secundaria,BARAHONA,4,8.8,5
2022,10,IQ Secundaria,COTUI,3,3.5,4
2022,10,IQ Secundaria,HIGUEY,5,23.8,6
2022,10,IQ Secundaria,LA VEGA,26,141.9,35
2022,10,IQ Secundaria,MAO,1,4.4,2
2022,10,IQ Secundaria,MONTE CRISTI,2,0.8,2
2022,10,IQ Secundaria,MONTE PLATA,3,7.2,4
2022,10,IQ Secundaria,NAGUA,19,771.4,115
2022,10,IQ Secundaria,PUERTO PLATA,6,48.9,7
2022,10,IQ Secundaria,SAN CRISTOBAL,10,28.2,14
2022,10,IQ Secundaria,SAN FRANCISCO DE MACORIS,6,32.0,9
2022,10,IQ Secundaria,SAN JUAN DE LA MAGUANA,6,25.5,7
2022,10,IQ Secundaria,SAN PEDRO DE MACORIS,6,12.0,8
2022,10,IQ Secundaria,SANTIAGO,62,979.2,158
2022,10,IQ Secundaria,SANTO DOMINGO,148,965.2,271
2022,10,IQ Secundaria,Sin ubicación,111,820.4,192
2022,11,512,AZUA,3,22.9,3
2022,11,512,COTUI,1,3.2,1
2022,11,512,MONTE CRISTI,1,8.5,1
2022,11,512,SAN CRISTOBAL,1,1.5,1
2022,11,512,SANTO DOMINGO,6,51.7,10
2022,11,512,Sin ubicación,5,51.2,11
2022,11,IQ Primaria,AZUA,1,19.6,4
2022,11,IQ Primaria,BARAHONA,6,119.3,28
2022,11,IQ Primaria,LA VEGA,1,1.0,1
2022,11,IQ Primaria,MAO,9,42.1,13
2022,11,IQ Primaria,NAGUA,3,22.2,7
2022,11,IQ Primaria,PUERTO PLATA,1,1.6,2
2022,11,IQ Primaria,SAN CRISTOBAL,2,3.1,2
2022,11,IQ Primaria,SAN FRANCISCO DE MACORIS,1,18.2,1
2022,11,IQ Primaria,SAN PEDRO DE MACORIS,2,28.1,5
2022,11,IQ Primaria,SANTIAGO,2,21.0,3
2022,11,IQ Primaria,SANTO DOMINGO,19,84.3,39
2022,11,IQ Primaria,Sin ubicación,36,409.4,83
2022,11,IQ Secundaria,AZUA,6,14.5,9
2022,11,IQ Secundaria,BARAHONA,3,37.0,4
2022,11,IQ Secundaria,COTUI,1,8.5,1
2022,11,IQ Secundaria,HIGUEY,9,9.5,9
2022,11,IQ Secundaria,LA VEGA,7,26.0,12
2022,11,IQ Secundaria,MONTE CRISTI,1,4.6,3
2022,11,IQ Secundaria,MONTE PLATA,2,0.5,2
2022,11,IQ Secundaria,NAGUA,11,67.5,14
2022,11,IQ Secundaria,PUERTO PLATA,2,2.4,2
2022,11,IQ Secundaria,SAN CRISTOBAL,9,10.3,9
2022,11,IQ Secundaria,SAN FRANCISCO DE MACORIS,8,35.3,8
2022,11,IQ Secundaria,SAN JUAN DE LA MAGUANA,2,5.6,3
2022,11,IQ Secundaria,SAN PEDRO DE MACORIS,11,82.3,13
2022,11,IQ Secundaria,SANTIAGO,48,432.5,85
2022,11,IQ Secundaria,SANTO DOMINGO,181,1210.6,281
2022,11,IQ Secundaria,Sin ubicación,68,530.3,127
2022,12,512,AZUA,14,53.0,14
2022,12,512,BAHORUCO,5,29.1,6
2022,12,512,BARAHONA,11,38.0,11
2022,12,512,COTUI,10,40.9,10
2022,12,512,HIGUEY,7,19.9,7
2022,12,512,LA VEGA,28,104.5,28
2022,12,512,MAO,2,6.1,2
2022,12,512,MONTE CRISTI,8,31.2,8
2022,12,512,MONTE PLATA,4,24.9,4
2022,12,512,NAGUA,4,15.0,4
2022,12,512,PUERTO PLATA,10,34.4,10
2022,12,512,SAN CRISTOBAL,23,121.5,23
2022,12,512,SAN FRANCISCO DE MACORIS,11,42.7,11
2022,12,512,SAN JUAN DE LA MAGUANA,9,41.3,9
2022,12,512,SAN PEDRO DE MACORIS,14,53.9,14
2022,12,512,SANTIAGO,14,46.4,14
2022,12,512,SANTO DOMINGO,135,366.0,138
2022,12,512,Sin ubicación,57,315.0,69
2022,12,IQ Primaria,AZUA,2,3.3,4
2022,12,IQ Primaria,BARAHONA,6,59.2,20
2022,12,IQ Primaria,MAO,2,4.7,3
2022,12,IQ Primaria,SANTO DOMINGO,6,31.1,17
2022,12,IQ Primaria,Sin ubicación,24,454.5,57
2022,12,IQ Secundaria,AZUA,3,5.2,3
2022,12,IQ Secundaria,BAHORUCO,3,4.2,3
2022,12,IQ Secundaria,BARAHONA,5,8.2,5
2022,12,IQ Secundaria,HIGUEY,3,4.3,3
2022,12,IQ Secundaria,LA VEGA,6,4.4,7
2022,12,IQ Secundaria,MAO,1,1.1,1
2022,12,IQ Secundaria,MONTE CRISTI,1,0.9,1
2022,12,IQ Secundaria,MONTE PLATA,1,9.6,1
2022,12,IQ Secundaria,NAGUA,1,7.3,2
2022,12,IQ Secundaria,PUERTO PLATA,1,4.1,1
2022,12,IQ Secundaria,SAN FRANCISCO DE MACORIS,6,12.5,7
2022,12,IQ Secundaria,SAN PEDRO DE MACORIS,2,12.7,3
2022,12,IQ Secundaria,SANTIAGO,36,198.8,53
2022,12,IQ Secundaria,SANTO DOMINGO,94,353.8,139
2022,12,IQ Secundaria,Sin ubicación,53,182.4,73
2023,1,512,AZUA,48,3677.7,276
2023,1,512,BAHORUCO,22,1715.4,166
2023,1,512,BARAHONA,43,2805.9,233
2023,1,512,COTUI,28,2414.4,180
2023,1,512,HIGUEY,19,919.6,79
2023,1,512,LA VEGA,55,3340.4,283
2023,1,512,MAO,15,1078.5,106
2023,1,512,MONTE CRISTI,17,1382.0,110
2023,1,512,MONTE PLATA,11,987.1,64
2023,1,512,NAGUA,15,1522.0,110
2023,1,512,PUERTO PLATA,16,891.7,96
2023,1,512,SAN CRISTOBAL,46,3946.2,289
2023,1,512,SAN FRANCISCO DE MACORIS,25,1897.6,156
2023,1,512,SAN JUAN DE LA MAGUANA,23,1629.6,133
2023,1,512,SAN PEDRO DE MACORIS,26,2336.7,155
2023,1,512,SANTIAGO,38,2001.8,187
2023,1,512,SANTO DOMINGO,192,16390.1,1096
2023,1,512,Sin ubicación,2009,147847.6,11074
2023,1,IQ Primaria,AZUA,3,14.8,3
2023,1,IQ Primaria,BARAHONA,6,26.4,11
2023,1,IQ Primaria,MAO,4,8.8,5
2023,1,IQ Primaria,SAN CRISTOBAL,1,0.5,2
2023,1,IQ Primaria,SAN JUAN DE LA MAGUANA,1,0.2,1
2023,1,IQ Primaria,SAN PEDRO DE MACORIS,1,0.4,1
2023,1,IQ Primaria,SANTIAGO,3,37.2,4
2023,1,IQ Primaria,SANTO DOMINGO,24,69.4,35
2023,1,IQ Primaria,Sin ubicación,60,948.9,112
2023,1,IQ Secundaria,AZUA,5,10.2,7
2023,1,IQ Secundaria,BAHORUCO,1,0.6,1
2023,1,IQ Secundaria,BARAHONA,7,38.5,13
2023,1,IQ Secundaria,COTUI,2,0.9,2
2023,1,IQ Secundaria,HIGUEY,8,17.7,13
2023,1,IQ Secundaria,LA VEGA,16,84.6,19
2023,1,IQ Secundaria,MAO,6,5.5,6
2023,1,IQ Secundaria,MONTE CRISTI,14,21.1,16
2023,1,IQ Secundaria,MONTE PLATA,2,10.0,2
2023,1,IQ Secundaria,NAGUA,4,3.4,6
2023,1,IQ Secundaria,PUERTO PLATA,4,10.4,4
2023,1,IQ Secundaria,SAN CRISTOBAL,11,53.8,15
2023,1,IQ Secundaria,SAN FRANCISCO DE MACORIS,10,18.2,19
2023,1,IQ Secundaria,SAN JUAN DE LA MAGUANA,28,158.2,50
2023,1,IQ Secundaria,SAN PEDRO DE MACORIS,29,47.7,34
2023,1,IQ Secundaria,SANTIAGO,171,765.4,290
2023,1,IQ Secundaria,SANTO DOMINGO,203,907.4,304
2023,1,IQ Secundaria,Sin ubicación,131,503.5,192
2023,2,512,AZUA,36,3244.1,344
2023,2,512,BAHORUCO,19,1406.0,169
2023,2,512,BARAHONA,34,2474.3,291
2023,2,512,COTUI,35,3650.5,329
2023,2,512,HIGUEY,14,892.8,102
2023,2,512,LA VEGA,54,4904.8,507
2023,2,512,MAO,13,1304.5,153
2023,2,512,MONTE CRISTI,15,1482.7,160
2023,2,512,MONTE PLATA,9,526.9,61
2023,2,512,NAGUA,14,2867.9,220
2023,2,512,PUERTO PLATA,15,1726.6,173
2023,2,512,SAN CRISTOBAL,48,3481.7,429
2023,2,512,SAN FRANCISCO DE MACORIS,24,2838.7,293
2023,2,512,SAN JUAN DE LA MAGUANA,21,1616.0,175
2023,2,512,SAN PEDRO DE MACORIS,27,1826.8,210
2023,2,512,SANTIAGO,32,2675.4,281
2023,2,512,SANTO DOMINGO,203,15672.4,1624
2023,2,512,Sin ubicación,2021,152821.1,16616
2023,2,IQ Primaria,AZUA,2,0.6,4
2023,2,IQ Primaria,BAHORUCO,1,1.1,1
2023,2,IQ Primaria,BARAHONA,6,27.7,9
2023,2,IQ Primaria,COTUI,1,1.9,2
2023,2,IQ Primaria,HIGUEY,4,2.6,5
2023,2,IQ Primaria,LA VEGA,1,0.5,1
2023,2,IQ Primaria,MAO,6,18.3,9
2023,2,IQ Primaria,MONTE CRISTI,1,0.1,1
2023,2,IQ Primaria,NAGUA,12,51.1,28
2023,2,IQ Primaria,PUERTO PLATA,1,1.9,1
2023,2,IQ Primaria,SAN CRISTOBAL,3,6.1,4
2023,2,IQ Primaria,SAN JUAN DE LA MAGUANA,1,2.8,1
2023,2,IQ Primaria,SANTIAGO,7,26.3,8
2023,2,IQ Primaria,SANTO DOMINGO,31,133.7,48
2023,2,IQ Primaria,Sin ubicación,95,690.5,149
2023,2,IQ Secundaria,AZUA,14,168.8,30
2023,2,IQ Secundaria,BAHORUCO,1,0.3,1
2023,2,IQ Secundaria,BARAHONA,9,21.0,13
2023,2,IQ Secundaria,COTUI,16,49.6,20
2023,2,IQ Secundaria,HIGUEY,12,38.8,15
2023,2,IQ Secundaria,LA VEGA,97,199.7,126
2023,2,IQ Secundaria,MAO,65,137.8,94
2023,2,IQ Secundaria,MONTE CRISTI,52,538.0,120
2023,2,IQ Secundaria,MONTE PLATA,9,59.3,11
2023,2,IQ Secundaria,NAGUA,8,17.8,8
2023,2,IQ Secundaria,PUERTO PLATA,9,19.3,9
2023,2,IQ Secundaria,SAN CRISTOBAL,17,61.6,23
2023,2,IQ Secundaria,SAN FRANCISCO DE MACORIS,24,77.3,37
2023,2,IQ Secundaria,SAN JUAN DE LA MAGUANA,30,83.7,50
2023,2,IQ Secundaria,SAN PEDRO DE MACORIS,26,47.3,32
2023,2,IQ Secundaria,SANTIAGO,267,1007.4,423
2023,2,IQ Secundaria,SANTO DOMINGO,387,1726.9,566
2023,2,IQ Secundaria,Sin ubicación,251,796.5,361
2023,3,512,AZUA,38,3005.0,333
2023,3,512,BAHORUCO,20,1695.0,209
2023,3,512,BARAHONA,44,3911.2,435
2023,3,512,COTUI,37,3874.5,382
2023,3,512,HIGUEY,17,1145.3,113
2023,3,512,LA VEGA,54,4773.9,477
2023,3,512,MAO,11,1036.2,109
2023,3,512,MONTE CRISTI,15,1519.4,161
2023,3,512,MONTE PLATA,16,781.3,83
2023,3,512,NAGUA,19,1618.1,196
2023,3,512,PUERTO PLATA,16,1760.7,177
2023,3,512,SAN CRISTOBAL,50,4318.3,483
2023,3,512,SAN FRANCISCO DE MACORIS,25,1489.5,207
2023,3,512,SAN JUAN DE LA MAGUANA,22,1711.8,168
2023,3,512,SAN PEDRO DE MACORIS,24,2153.4,238
2023,3,512,SANTIAGO,39,3554.5,350
2023,3,512,SANTO DOMINGO,190,15327.8,1604
2023,3,512,Sin ubicación,2117,158853.9,17006
2023,3,IQ Primaria,AZUA,5,8.9,6
2023,3,IQ Primaria,BAHORUCO,6,8.6,6
2023,3,IQ Primaria,BARAHONA,1,0.1,1
2023,3,IQ Primaria,COTUI,2,17.6,4
2023,3,IQ Primaria,HIGUEY,6,37.4,6
2023,3,IQ Primaria,LA VEGA,13,68.9,17
2023,3,IQ Primaria,MAO,13,85.1,21
2023,3,IQ Primaria,MONTE CRISTI,2,6.2,3
2023,3,IQ Primaria,MONTE PLATA,2,11.6,3
2023,3,IQ Primaria,NAGUA,8,17.4,9
2023,3,IQ Primaria,PUERTO PLATA,44,113.5,83
2023,3,IQ Primaria,SAN CRISTOBAL,8,24.4,10
2023,3,IQ Primaria,SAN FRANCISCO DE MACORIS,6,4.8,6
2023,3,IQ Primaria,SAN JUAN DE LA MAGUANA,2,4.3,2
2023,3,IQ Primaria,SAN PEDRO DE MACORIS,3,11.4,5
2023,3,IQ Primaria,SANTIAGO,34,171.5,69
2023,3,IQ Primaria,SANTO DOMINGO,173,318.4,194
2023,3,IQ Primaria,Sin ubicación,196,966.6,266
2023,3,IQ Secundaria,AZUA,62,216.2,94
2023,3,IQ Secundaria,BAHORUCO,34,94.4,41
2023,3,IQ Secundaria,BARAHONA,53,105.7,59
2023,3,IQ Secundaria,COTUI,66,173.0,79
2023,3,IQ Secundaria,HIGUEY,84,333.9,127
2023,3,IQ Secundaria,LA VEGA,275,783.2,350
2023,3,IQ Secundaria,MAO,19,43.3,26
2023,3,IQ Secundaria,MONTE CRISTI,108,253.4,136
2023,3,IQ Secundaria,MONTE PLATA,55,102.4,60
2023,3,IQ Secundaria,NAGUA,17,73.8,23
2023,3,IQ Secundaria,PUERTO PLATA,91,271.4,104
2023,3,IQ Secundaria,SAN CRISTOBAL,100,345.9,130
2023,3,IQ Secundaria,SAN FRANCISCO DE MACORIS,90,258.5,111
2023,3,IQ Secundaria,SAN JUAN DE LA MAGUANA,39,149.5,56
2023,3,IQ Secundaria,SAN PEDRO DE MACORIS,76,273.0,107
2023,3,IQ Secundaria,SANTIAGO,346,1650.2,533
2023,3,IQ Secundaria,SANTO DOMINGO,1755,4576.2,2133
2023,3,IQ Secundaria,Sin ubicación,800,2598.8,1107
2023,4,512,AZUA,46,2498.7,298
2023,4,512,BAHORUCO,22,921.8,129
2023,4,512,BARAHONA,40,3500.1,377
2023,4,512,COTUI,38,2981.8,321
2023,4,512,HIGUEY,17,1202.4,107
2023,4,512,LA VEGA,55,2826.3,362
2023,4,512,MAO,14,784.8,101
2023,4,512,MONTE CRISTI,16,1129.7,139
2023,4,512,MONTE PLATA,18,1272.6,132
2023,4,512,NAGUA,20,1347.1,153
2023,4,512,PUERTO PLATA,17,1275.8,126
2023,4,512,SAN CRISTOBAL,50,2778.6,335
2023,4,512,SAN FRANCISCO DE MACORIS,25,1515.9,154
2023,4,512,SAN JUAN DE LA MAGUANA,22,1456.6,151
2023,4,512,SAN PEDRO DE MACORIS,26,1516.7,189
2023,4,512,SANTIAGO,39,2067.4,258
2023,4,512,SANTO DOMINGO,218,13135.9,1366
2023,4,512,Sin ubicación,2136,128203.7,14163
2023,4,IQ Primaria,AZUA,11,17.3,11
2023,4,IQ Primaria,BAHORUCO,6,35.9,7
2023,4,IQ Primaria,BARAHONA,37,117.5,51
2023,4,IQ Primaria,COTUI,12,51.6,19
2023,4,IQ Primaria,HIGUEY,110,928.9,306
2023,4,IQ Primaria,LA VEGA,34,122.5,51
2023,4,IQ Primaria,MAO,18,40.8,23
2023,4,IQ Primaria,MONTE CRISTI,34,217.6,52
2023,4,IQ Primaria,MONTE PLATA,12,11.5,13
2023,4,IQ Primaria,NAGUA,7,20.8,8
2023,4,IQ Primaria,PUERTO PLATA,178,519.3,300
2023,4,IQ Primaria,SAN CRISTOBAL,22,60.1,29
2023,4,IQ Primaria,SAN FRANCISCO DE MACORIS,15,80.1,18
2023,4,IQ Primaria,SAN JUAN DE LA MAGUANA,12,36.0,16
2023,4,IQ Primaria,SAN PEDRO DE MACORIS,22,93.5,32
2023,4,IQ Primaria,SANTIAGO,53,222.4,83
2023,4,IQ Primaria,SANTO DOMINGO,302,935.5,404
2023,4,IQ Primaria,Sin ubicación,474,1952.9,731
2023,4,IQ Secundaria,AZUA,194,654.3,332
2023,4,IQ Secundaria,BAHORUCO,70,140.0,101
2023,4,IQ Secundaria,BARAHONA,54,164.7,83
2023,4,IQ Secundaria,COTUI,179,952.7,307
2023,4,IQ Secundaria,HIGUEY,230,1277.4,471
2023,4,IQ Secundaria,LA VEGA,339,2107.4,595
2023,4,IQ Secundaria,MAO,33,85.7,50
2023,4,IQ Secundaria,MONTE CRISTI,202,1104.9,376
2023,4,IQ Secundaria,MONTE PLATA,181,619.8,255
2023,4,IQ Secundaria,NAGUA,139,398.4,216
2023,4,IQ Secundaria,PUERTO PLATA,197,597.2,294
2023,4,IQ Secundaria,SAN CRISTOBAL,231,827.5,342
2023,4,IQ Secundaria,SAN FRANCISCO DE MACORIS,283,1119.1,479
2023,4,IQ Secundaria,SAN JUAN DE LA MAGUANA,71,164.6,96
2023,4,IQ Secundaria,SAN PEDRO DE MACORIS,246,954.7,375
2023,4,IQ Secundaria,SANTIAGO,343,1508.5,519
2023,4,IQ Secundaria,SANTO DOMINGO,2240,11389.7,3513
2023,4,IQ Secundaria,Sin ubicación,1651,6119.5,2457
2023,5,512,AZUA,43,1875.8,244
2023,5,512,BAHORUCO,21,1477.4,182
2023,5,512,BARAHONA,43,2985.5,403
2023,5,512,COTUI,36,2454.2,303
2023,5,512,HIGUEY,18,1057.4,106
2023,5,512,LA VEGA,67,3245.0,422
2023,5,512,MAO,11,715.0,97
2023,5,512,MONTE CRISTI,14,527.2,88
2023,5,512,MONTE PLATA,17,1492.0,170
2023,5,512,NAGUA,21,1381.0,164
2023,5,512,PUERTO PLATA,16,1202.2,124
2023,5,512,SAN CRISTOBAL,51,3492.6,411
2023,5,512,SAN FRANCISCO DE MACORIS,23,1402.2,181
2023,5,512,SAN JUAN DE LA MAGUANA,24,1156.0,135
2023,5,512,SAN PEDRO DE MACORIS,26,1256.7,175
2023,5,512,SANTIAGO,41,1771.0,222
2023,5,512,SANTO DOMINGO,223,12648.3,1521
2023,5,512,Sin ubicación,2152,118394.5,14821
2023,5,IQ Primaria,AZUA,28,59.6,38
2023,5,IQ Primaria,BAHORUCO,9,7.3,12
2023,5,IQ Primaria,BARAHONA,38,300.6,116
2023,5,IQ Primaria,COTUI,29,64.0,33
2023,5,IQ Primaria,HIGUEY,68,449.8,131
2023,5,IQ Primaria,LA VEGA,56,265.1,91
2023,5,IQ Primaria,MAO,22,37.2,28
2023,5,IQ Primaria,MONTE CRISTI,23,151.2,34
2023,5,IQ Primaria,MONTE PLATA,12,14.6,14
2023,5,IQ Primaria,NAGUA,14,44.8,24
2023,5,IQ Primaria,PUERTO PLATA,96,649.0,254
2023,5,IQ Primaria,SAN CRISTOBAL,26,84.8,34
2023,5,IQ Primaria,SAN FRANCISCO DE MACORIS,22,64.9,32
2023,5,IQ Primaria,SAN JUAN DE LA MAGUANA,6,35.3,8
2023,5,IQ Primaria,SAN PEDRO DE MACORIS,66,93.0,75
2023,5,IQ Primaria,SANTIAGO,196,1644.9,481
2023,5,IQ Primaria,SANTO DOMINGO,800,3351.2,1320
2023,5,IQ Primaria,Sin ubicación,1384,5007.2,1963
2023,5,IQ Secundaria,AZUA,685,4949.8,1628
2023,5,IQ Secundaria,BAHORUCO,120,360.9,176
2023,5,IQ Secundaria,BARAHONA,301,1302.3,507
2023,5,IQ Secundaria,COTUI,946,5289.4,1969
2023,5,IQ Secundaria,HIGUEY,730,3173.7,1261
2023,5,IQ Secundaria,LA VEGA,1312,8383.2,2565
2023,5,IQ Secundaria,MAO,442,1957.4,785
2023,5,IQ Secundaria,MONTE CRISTI,443,2341.3,801
2023,5,IQ Secundaria,MONTE PLATA,510,2044.9,878
2023,5,IQ Secundaria,NAGUA,340,1564.4,575
2023,5,IQ Secundaria,PUERTO PLATA,833,4798.3,1629
2023,5,IQ Secundaria,SAN CRISTOBAL,955,5120.7,1866
2023,5,IQ Secundaria,SAN FRANCISCO DE MACORIS,960,4817.5,1837
2023,5,IQ Secundaria,SAN JUAN DE LA MAGUANA,233,1036.8,392
2023,5,IQ Secundaria,SAN PEDRO DE MACORIS,1526,7733.4,2762
2023,5,IQ Secundaria,SANTIAGO,2379,12723.9,4178
2023,5,IQ Secundaria,SANTO DOMINGO,7040,38808.3,12347
2023,5,IQ Secundaria,Sin ubicación,6668,40193.0,11965
2023,6,512,AZUA,31,922.3,114
2023,6,512,BAHORUCO,20,617.4,89
2023,6,512,BARAHONA,39,1323.5,178
2023,6,512,COTUI,25,954.0,109
2023,6,512,HIGUEY,11,514.8,44
2023,6,512,LA VEGA,48,1270.6,160
2023,6,512,MAO,10,369.0,40
2023,6,512,MONTE CRISTI,15,254.8,46
2023,6,512,MONTE PLATA,13,425.6,41
2023,6,512,NAGUA,14,556.2,64
2023,6,512,PUERTO PLATA,14,465.5,74
2023,6,512,SAN CRISTOBAL,49,1948.6,234
2023,6,512,SAN FRANCISCO DE MACORIS,19,607.0,79
2023,6,512,SAN JUAN DE LA MAGUANA,16,392.6,46
2023,6,512,SAN PEDRO DE MACORIS,19,387.4,64
2023,6,512,SANTIAGO,35,1198.2,153
2023,6,512,SANTO DOMINGO,190,5253.2,709
2023,6,512,Sin ubicación,1793,59185.5,7527
2023,6,IQ Primaria,AZUA,4,2.9,4
2023,6,IQ Primaria,BAHORUCO,8,4.5,8
2023,6,IQ Primaria,BARAHONA,6,8.4,7
2023,6,IQ Primaria,COTUI,3,1.4,3
2023,6,IQ Primaria,HIGUEY,9,11.8,12
2023,6,IQ Primaria,LA VEGA,14,12.4,14
2023,6,IQ Primaria,MAO,3,5.7,3
2023,6,IQ Primaria,MONTE CRISTI,3,1.8,3
2023,6,IQ Primaria,MONTE PLATA,7,10.8,7
2023,6,IQ Primaria,NAGUA,2,5.6,2
2023,6,IQ Primaria,PUERTO PLATA,9,18.2,9
2023,6,IQ Primaria,SAN CRISTOBAL,11,28.2,12
2023,6,IQ Primaria,SAN FRANCISCO DE MACORIS,6,15.3,7
2023,6,IQ Primaria,SAN JUAN DE LA MAGUANA,5,5.4,6
2023,6,IQ Primaria,SAN PEDRO DE MACORIS,12,28.8,15
2023,6,IQ Primaria,SANTIAGO,17,27.5,22
2023,6,IQ Primaria,SANTO DOMINGO,281,408.2,292
2023,6,IQ Primaria,Sin ubicación,385,873.2,440
2023,6,IQ Secundaria,AZUA,404,2670.6,989
2023,6,IQ Secundaria,BAHORUCO,143,596.4,285
2023,6,IQ Secundaria,BARAHONA,265,1634.5,592
2023,6,IQ Secundaria,COTUI,564,4031.8,1418
2023,6,IQ Secundaria,HIGUEY,743,5326.3,1788
2023,6,IQ Secundaria,LA VEGA,1039,9711.3,2764
2023,6,IQ Secundaria,MAO,280,2726.5,731
2023,6,IQ Secundaria,MONTE CRISTI,255,2333.2,581
2023,6,IQ Secundaria,MONTE PLATA,291,1988.9,644
2023,6,IQ Secundaria,NAGUA,206,1319.5,457
2023,6,IQ Secundaria,PUERTO PLATA,570,4796.7,1580
2023,6,IQ Secundaria,SAN CRISTOBAL,967,8151.4,2373
2023,6,IQ Secundaria,SAN FRANCISCO DE MACORIS,579,4707.4,1500
2023,6,IQ Secundaria,SAN JUAN DE LA MAGUANA,220,1476.1,502
2023,6,IQ Secundaria,SAN PEDRO DE MACORIS,1076,8800.7,2444
2023,6,IQ Secundaria,SANTIAGO,2195,21363.4,5878
2023,6,IQ Secundaria,SANTO DOMINGO,8627,79805.3,21862
2023,6,IQ Secundaria,Sin ubicación,8182,63796.8,19624
2023,7,512,AZUA,37,2885.8,345
2023,7,512,BAHORUCO,19,579.3,98
2023,7,512,BARAHONA,38,1535.3,222
2023,7,512,COTUI,24,1173.9,166
2023,7,512,HIGUEY,16,475.6,53
2023,7,512,LA VEGA,62,2712.1,343
2023,7,512,MAO,12,1199.2,128
2023,7,512,MONTE CRISTI,17,771.1,123
2023,7,512,MONTE PLATA,14,679.3,66
2023,7,512,NAGUA,18,1017.0,125
2023,7,512,PUERTO PLATA,15,593.1,84
2023,7,512,SAN CRISTOBAL,56,3110.1,364
2023,7,512,SAN FRANCISCO DE MACORIS,23,1296.8,171
2023,7,512,SAN JUAN DE LA MAGUANA,21,862.5,112
2023,7,512,SAN PEDRO DE MACORIS,23,711.2,112
2023,7,512,SANTIAGO,40,2082.9,228
2023,7,512,SANTO DOMINGO,229,11914.1,1543
2023,7,512,Sin ubicación,2228,123104.1,15255
2023,7,IQ Primaria,AZUA,1,0.6,1
2023,7,IQ Primaria,BAHORUCO,2,1.6,3
2023,7,IQ Primaria,BARAHONA,1,1.4,1
2023,7,IQ Primaria,COTUI,1,1.4,1
2023,7,IQ Primaria,HIGUEY,2,1.3,2
2023,7,IQ Primaria,LA VEGA,5,2.8,7
2023,7,IQ Primaria,MONTE PLATA,1,14.2,1
2023,7,IQ Primaria,NAGUA,1,0.0,1
2023,7,IQ Primaria,PUERTO PLATA,1,2.9,1
2023,7,IQ Primaria,SAN JUAN DE LA MAGUANA,1,3.1,1
2023,7,IQ Primaria,SAN PEDRO DE MACORIS,1,1.4,1
2023,7,IQ Primaria,SANTIAGO,4,5.7,4
2023,7,IQ Primaria,SANTO DOMINGO,48,80.7,58
2023,7,IQ Primaria,Sin ubicación,63,736.7,125
2023,7,IQ Secundaria,AZUA,29,52.1,56
2023,7,IQ Secundaria,BAHORUCO,2,1.1,4
2023,7,IQ Secundaria,BARAHONA,22,27.5,31
2023,7,IQ Secundaria,COTUI,36,180.0,74
2023,7,IQ Secundaria,HIGUEY,48,76.0,87
2023,7,IQ Secundaria,LA VEGA,64,107.6,129
2023,7,IQ Secundaria,MAO,19,213.0,65
2023,7,IQ Secundaria,MONTE CRISTI,15,45.0,25
2023,7,IQ Secundaria,MONTE PLATA,29,63.9,60
2023,7,IQ Secundaria,NAGUA,16,28.5,27
2023,7,IQ Secundaria,PUERTO PLATA,33,21.5,58
2023,7,IQ Secundaria,SAN CRISTOBAL,49,138.2,101
2023,7,IQ Secundaria,SAN FRANCISCO DE MACORIS,42,65.2,73
2023,7,IQ Secundaria,SAN JUAN DE LA MAGUANA,21,25.7,40
2023,7,IQ Secundaria,SAN PEDRO DE MACORIS,71,311.5,131
2023,7,IQ Secundaria,SANTIAGO,151,600.6,320
2023,7,IQ Secundaria,SANTO DOMINGO,538,1764.6,1048
2023,7,IQ Secundaria,Sin ubicación,535,2166.6,1095
2023,8,512,AZUA,34,894.4,152
2023,8,512,BAHORUCO,14,490.7,73
2023,8,512,BARAHONA,34,333.7,112
2023,8,512,COTUI,23,186.6,65
2023,8,512,HIGUEY,11,151.7,24
2023,8,512,LA VEGA,62,1264.6,211
2023,8,512,MAO,10,167.9,42
2023,8,512,MONTE CRISTI,16,44.0,36
2023,8,512,MONTE PLATA,14,84.9,35
2023,8,512,NAGUA,15,417.9,66
2023,8,512,PUERTO PLATA,13,82.2,28
2023,8,512,SAN CRISTOBAL,45,976.2,147
2023,8,512,SAN FRANCISCO DE MACORIS,20,375.7,79
2023,8,512,SAN JUAN DE LA MAGUANA,23,256.4,55
2023,8,512,SAN PEDRO DE MACORIS,18,282.5,56
2023,8,512,SANTIAGO,39,478.1,109
2023,8,512,SANTO DOMINGO,204,4211.3,692
2023,8,512,Sin ubicación,1910,43852.3,6795
2023,8,IQ Primaria,AZUA,4,18.9,5
2023,8,IQ Primaria,BAHORUCO,2,1.9,2
2023,8,IQ Primaria,BARAHONA,7,6.7,7
2023,8,IQ Primaria,COTUI,1,4.7,1
2023,8,IQ Primaria,HIGUEY,3,7.0,3
2023,8,IQ Primaria,LA VEGA,2,1.8,2
2023,8,IQ Primaria,MONTE CRISTI,1,0.2,1
2023,8,IQ Primaria,MONTE PLATA,3,22.0,6
2023,8,IQ Primaria,NAGUA,2,16.2,4
2023,8,IQ Primaria,PUERTO PLATA,5,10.9,7
2023,8,IQ Primaria,SAN CRISTOBAL,4,10.7,5
2023,8,IQ Primaria,SAN FRANCISCO DE MACORIS,4,3.8,4
2023,8,IQ Primaria,SAN JUAN DE LA MAGUANA,1,1.5,1
2023,8,IQ Primaria,SAN PEDRO DE MACORIS,3,1.7,4
2023,8,IQ Primaria,SANTIAGO,4,6.8,4
2023,8,IQ Primaria,SANTO DOMINGO,65,206.1,90
2023,8,IQ Primaria,Sin ubicación,105,1008.1,197
2023,8,IQ Secundaria,AZUA,30,98.1,63
2023,8,IQ Secundaria,BAHORUCO,6,10.2,9
2023,8,IQ Secundaria,BARAHONA,20,25.0,38
2023,8,IQ Secundaria,COTUI,30,202.4,58
2023,8,IQ Secundaria,HIGUEY,47,166.3,116
2023,8,IQ Secundaria,LA VEGA,89,189.6,140
2023,8,IQ Secundaria,MAO,21,84.7,39
2023,8,IQ Secundaria,MONTE CRISTI,17,57.5,26
2023,8,IQ Secundaria,MONTE PLATA,31,148.4,53
2023,8,IQ Secundaria,NAGUA,17,48.5,29
2023,8,IQ Secundaria,PUERTO PLATA,26,84.4,35
2023,8,IQ Secundaria,SAN CRISTOBAL,56,148.9,102
2023,8,IQ Secundaria,SAN FRANCISCO DE MACORIS,47,194.7,128
2023,8,IQ Secundaria,SAN JUAN DE LA MAGUANA,19,37.1,40
2023,8,IQ Secundaria,SAN PEDRO DE MACORIS,69,286.1,129
2023,8,IQ Secundaria,SANTIAGO,173,731.4,346
2023,8,IQ Secundaria,SANTO DOMINGO,633,2735.9,1202
2023,8,IQ Secundaria,Sin ubicación,585,2936.4,1220
2023,9,512,AZUA,15,41.6,25
2023,9,512,BAHORUCO,11,96.8,28
2023,9,512,BARAHONA,14,64.0,31
2023,9,512,COTUI,10,47.1,19
2023,9,512,HIGUEY,5,19.8,6
2023,9,512,LA VEGA,25,231.7,51
2023,9,512,MAO,10,26.0,22
2023,9,512,MONTE CRISTI,6,5.4,7
2023,9,512,MONTE PLATA,10,20.4,10
2023,9,512,NAGUA,8,69.8,16
2023,9,512,PUERTO PLATA,7,97.8,16
2023,9,512,SAN CRISTOBAL,19,138.1,42
2023,9,512,SAN FRANCISCO DE MACORIS,11,111.0,37
2023,9,512,SAN JUAN DE LA MAGUANA,11,64.4,16
2023,9,512,SAN PEDRO DE MACORIS,7,9.0,9
2023,9,512,SANTIAGO,17,94.7,25
2023,9,512,SANTO DOMINGO,80,809.4,167
2023,9,512,Sin ubicación,774,7990.8,1633
2023,9,IQ Primaria,AZUA,3,21.3,5
2023,9,IQ Primaria,BAHORUCO,1,13.8,1
2023,9,IQ Primaria,BARAHONA,2,1.8,2
2023,9,IQ Primaria,COTUI,9,45.5,15
2023,9,IQ Primaria,HIGUEY,3,4.1,3
2023,9,IQ Primaria,LA VEGA,11,39.7,11
2023,9,IQ Primaria,MAO,4,31.4,4
2023,9,IQ Primaria,MONTE CRISTI,6,27.1,10
2023,9,IQ Primaria,MONTE PLATA,7,61.6,10
2023,9,IQ Primaria,NAGUA,3,34.7,11
2023,9,IQ Primaria,PUERTO PLATA,19,137.8,25
2023,9,IQ Primaria,SAN CRISTOBAL,210,231.9,226
2023,9,IQ Primaria,SAN JUAN DE LA MAGUANA,4,5.2,5
2023,9,IQ Primaria,SAN PEDRO DE MACORIS,22,42.1,22
2023,9,IQ Primaria,SANTIAGO,14,46.1,21
2023,9,IQ Primaria,SANTO DOMINGO,193,625.8,276
2023,9,IQ Primaria,Sin ubicación,316,1512.9,459
2023,9,IQ Secundaria,AZUA,98,321.3,237
2023,9,IQ Secundaria,BAHORUCO,3,3.5,4
2023,9,IQ Secundaria,BARAHONA,10,11.4,25
2023,9,IQ Secundaria,COTUI,173,543.9,261
2023,9,IQ Secundaria,HIGUEY,18,32.6,28
2023,9,IQ Secundaria,LA VEGA,70,176.4,90
2023,9,IQ Secundaria,MAO,10,55.5,15
2023,9,IQ Secundaria,MONTE CRISTI,9,33.9,16
2023,9,IQ Secundaria,MONTE PLATA,18,36.6,29
2023,9,IQ Secundaria,NAGUA,18,26.6,34
2023,9,IQ Secundaria,PUERTO PLATA,26,51.4,44
2023,9,IQ Secundaria,SAN CRISTOBAL,99,210.2,140
2023,9,IQ Secundaria,SAN FRANCISCO DE MACORIS,50,83.2,68
2023,9,IQ Secundaria,SAN JUAN DE LA MAGUANA,14,131.3,32
2023,9,IQ Secundaria,SAN PEDRO DE MACORIS,411,2778.8,929
2023,9,IQ Secundaria,SANTIAGO,158,401.7,244
2023,9,IQ Secundaria,SANTO DOMINGO,755,2824.6,1400
2023,9,IQ Secundaria,Sin ubicación,744,2360.0,1191
2023,10,512,AZUA,6,6.4,9
2023,10,512,BAHORUCO,5,31.5,7
2023,10,512,BARAHONA,8,21.3,18
2023,10,512,COTUI,6,27.6,9
2023,10,512,HIGUEY,6,17.7,9
2023,10,512,LA VEGA,10,28.0,14
2023,10,512,MAO,5,24.9,11
2023,10,512,MONTE CRISTI,4,5.4,9
2023,10,512,MONTE PLATA,2,1.5,2
2023,10,512,NAGUA,1,2.6,3
2023,10,512,PUERTO PLATA,4,5.7,7
2023,10,512,SAN CRISTOBAL,10,45.5,19
2023,10,512,SAN FRANCISCO DE MACORIS,7,17.7,16
2023,10,512,SAN JUAN DE LA MAGUANA,2,17.6,3
2023,10,512,SAN PEDRO DE MACORIS,5,57.4,5
2023,10,512,SANTIAGO,6,3.6,10
2023,10,512,SANTO DOMINGO,38,439.8,85
2023,10,512,Sin ubicación,285,1409.7,437
2023,10,IQ Primaria,AZUA,424,3194.0,681
2023,10,IQ Primaria,BAHORUCO,150,574.4,216
2023,10,IQ Primaria,BARAHONA,15,37.5,21
2023,10,IQ Primaria,COTUI,923,7092.6,1755
2023,10,IQ Primaria,HIGUEY,2663,14192.9,4380
2023,10,IQ Primaria,LA VEGA,1425,10524.1,2703
2023,10,IQ Primaria,MAO,205,1072.1,353
2023,10,IQ Primaria,MONTE CRISTI,292,1351.9,352
2023,10,IQ Primaria,MONTE PLATA,107,371.2,141
2023,10,IQ Primaria,NAGUA,531,4944.0,1022
2023,10,IQ Primaria,PUERTO PLATA,793,6638.6,1708
2023,10,IQ Primaria,SAN CRISTOBAL,4486,31249.8,8866
2023,10,IQ Primaria,SAN FRANCISCO DE MACORIS,1232,10207.4,2579
2023,10,IQ Primaria,SAN JUAN DE LA MAGUANA,201,1693.4,367
2023,10,IQ Primaria,SAN PEDRO DE MACORIS,4867,32406.8,9122
2023,10,IQ Primaria,SANTIAGO,5562,34071.2,9977
2023,10,IQ Primaria,SANTO DOMINGO,12445,73703.7,21926
2023,10,IQ Primaria,Sin ubicación,4006,20465.5,6564
2023,10,IQ Secundaria,AZUA,501,2610.1,950
2023,10,IQ Secundaria,BAHORUCO,307,1440.7,416
2023,10,IQ Secundaria,BARAHONA,52,188.8,72
2023,10,IQ Secundaria,COTUI,1192,9477.8,2612
2023,10,IQ Secundaria,HIGUEY,1597,8853.2,2878
2023,10,IQ Secundaria,LA VEGA,2357,20159.6,5298
2023,10,IQ Secundaria,MAO,116,528.7,149
2023,10,IQ Secundaria,MONTE CRISTI,628,4007.1,922
2023,10,IQ Secundaria,MONTE PLATA,340,2272.4,561
2023,10,IQ Secundaria,NAGUA,543,2048.1,1042
2023,10,IQ Secundaria,PUERTO PLATA,843,6662.4,1977
2023,10,IQ Secundaria,SAN CRISTOBAL,5079,38867.9,11807
2023,10,IQ Secundaria,SAN FRANCISCO DE MACORIS,617,5117.0,1490
2023,10,IQ Secundaria,SAN JUAN DE LA MAGUANA,266,1787.8,489
2023,10,IQ Secundaria,SAN PEDRO DE MACORIS,4160,35839.1,10142
2023,10,IQ Secundaria,SANTIAGO,4111,26200.8,8300
2023,10,IQ Secundaria,SANTO DOMINGO,15566,105980.8,32618
2023,10,IQ Secundaria,Sin ubicación,8641,51219.3,17317
2023,11,512,AZUA,5,5.1,5
2023,11,512,BAHORUCO,3,3.0,4
2023,11,512,BARAHONA,5,4.9,14
2023,11,512,COTUI,3,2.0,5
2023,11,512,HIGUEY,4,1.7,4
2023,11,512,LA VEGA,7,3.3,8
2023,11,512,MAO,8,6.9,13
2023,11,512,MONTE CRISTI,3,2.7,5
2023,11,512,NAGUA,1,0.6,1
2023,11,512,PUERTO PLATA,2,0.6,2
2023,11,512,SAN CRISTOBAL,5,1.4,6
2023,11,512,SAN FRANCISCO DE MACORIS,8,5.9,11
2023,11,512,SAN JUAN DE LA MAGUANA,3,5.2,5
2023,11,512,SAN PEDRO DE MACORIS,4,1.7,5
2023,11,512,SANTIAGO,7,3.1,8
2023,11,512,SANTO DOMINGO,38,57.5,59
2023,11,512,Sin ubicación,203,296.1,303
2023,11,IQ Primaria,AZUA,293,811.5,512
2023,11,IQ Primaria,BAHORUCO,166,481.1,261
2023,11,IQ Primaria,BARAHONA,32,30.7,40
2023,11,IQ Primaria,COTUI,77,228.8,105
2023,11,IQ Primaria,HIGUEY,2493,9679.7,4075
2023,11,IQ Primaria,LA VEGA,109,496.6,167
2023,11,IQ Primaria,MAO,47,81.3,87
2023,11,IQ Primaria,MONTE CRISTI,139,707.4,274
2023,11,IQ Primaria,MONTE PLATA,4,25.8,9
2023,11,IQ Primaria,NAGUA,115,416.3,236
2023,11,IQ Primaria,PUERTO PLATA,80,854.1,111
2023,11,IQ Primaria,SAN CRISTOBAL,117,246.5,153
2023,11,IQ Primaria,SAN FRANCISCO DE MACORIS,97,171.9,156
2023,11,IQ Primaria,SAN JUAN DE LA MAGUANA,62,269.6,65
2023,11,IQ Primaria,SAN PEDRO DE MACORIS,2496,9502.5,3925
2023,11,IQ Primaria,SANTIAGO,2740,11184.5,4360
2023,11,IQ Primaria,SANTO DOMINGO,4835,17011.0,8261
2023,11,IQ Primaria,Sin ubicación,1415,5015.2,2323
2023,11,IQ Secundaria,AZUA,410,1600.4,815
2023,11,IQ Secundaria,BAHORUCO,165,1200.2,238
2023,11,IQ Secundaria,BARAHONA,24,39.5,44
2023,11,IQ Secundaria,COTUI,119,254.4,158
2023,11,IQ Secundaria,HIGUEY,1047,3184.3,1926
2023,11,IQ Secundaria,LA VEGA,289,1546.2,635
2023,11,IQ Secundaria,MAO,63,131.4,144
2023,11,IQ Secundaria,MONTE CRISTI,466,3025.9,1509
2023,11,IQ Secundaria,MONTE PLATA,17,12.1,21
2023,11,IQ Secundaria,NAGUA,101,145.8,244
2023,11,IQ Secundaria,PUERTO PLATA,169,1900.6,315
2023,11,IQ Secundaria,SAN CRISTOBAL,192,394.6,231
2023,11,IQ Secundaria,SAN FRANCISCO DE MACORIS,167,361.3,234
2023,11,IQ Secundaria,SAN JUAN DE LA MAGUANA,44,67.6,47
2023,11,IQ Secundaria,SAN PEDRO DE MACORIS,1878,7627.5,3111
2023,11,IQ Secundaria,SANTIAGO,4077,9497.7,7522
2023,11,IQ Secundaria,SANTO DOMINGO,8347,29518.4,18198
2023,11,IQ Secundaria,Sin ubicación,3432,11130.0,6499
2023,12,512,AZUA,6,2.3,6
2023,12,512,BAHORUCO,2,0.6,2
2023,12,512,BARAHONA,2,2.0,6
2023,12,512,COTUI,4,3.1,6
2023,12,512,HIGUEY,3,1.4,4
2023,12,512,LA VEGA,8,5.5,10
2023,12,512,MAO,5,4.0,9
2023,12,512,MONTE CRISTI,2,0.6,2
2023,12,512,MONTE PLATA,1,0.1,1
2023,12,512,NAGUA,3,1.4,5
2023,12,512,PUERTO PLATA,2,0.9,2
2023,12,512,SAN CRISTOBAL,5,1.8,6
2023,12,512,SAN FRANCISCO DE MACORIS,5,2.2,5
2023,12,512,SAN JUAN DE LA MAGUANA,1,0.6,1
2023,12,512,SAN PEDRO DE MACORIS,3,1.3,3
2023,12,512,SANTIAGO,4,2.2,4
2023,12,512,SANTO DOMINGO,19,15.2,30
2023,12,512,Sin ubicación,104,62.1,148
2023,12,IQ Primaria,AZUA,8,6.1,13
2023,12,IQ Primaria,BAHORUCO,5,2.7,5
2023,12,IQ Primaria,BARAHONA,1,0.2,1
2023,12,IQ Primaria,COTUI,4,3.7,5
2023,12,IQ Primaria,HIGUEY,138,135.6,191
2023,12,IQ Primaria,LA VEGA,9,6.5,13
2023,12,IQ Primaria,MAO,13,8.7,19
2023,12,IQ Primaria,MONTE CRISTI,3,1.7,3
2023,12,IQ Primaria,MONTE PLATA,1,0.1,1
2023,12,IQ Primaria,NAGUA,5,2.5,6
2023,12,IQ Primaria,PUERTO PLATA,8,11.2,15
2023,12,IQ Primaria,SAN CRISTOBAL,15,11.4,17
2023,12,IQ Primaria,SAN FRANCISCO DE MACORIS,16,14.2,22
2023,12,IQ Primaria,SAN JUAN DE LA MAGUANA,177,219.7,262
2023,12,IQ Primaria,SAN PEDRO DE MACORIS,85,109.5,114
2023,12,IQ Primaria,SANTIAGO,57,70.1,85
2023,12,IQ Primaria,SANTO DOMINGO,335,351.9,464
2023,12,IQ Primaria,Sin ubicación,134,154.4,204
2023,12,IQ Secundaria,AZUA,58,45.9,71
2023,12,IQ Secundaria,BAHORUCO,6,4.4,6
2023,12,IQ Secundaria,BARAHONA,4,2.2,7
2023,12,IQ Secundaria,COTUI,19,16.2,29
2023,12,IQ Secundaria,HIGUEY,181,362.3,451
2023,12,IQ Secundaria,LA VEGA,30,14.1,37
2023,12,IQ Secundaria,MAO,5,3.5,7
2023,12,IQ Secundaria,MONTE CRISTI,48,26.1,55
2023,12,IQ Secundaria,MONTE PLATA,6,5.7,7
2023,12,IQ Secundaria,NAGUA,84,73.2,208
2023,12,IQ Secundaria,PUERTO PLATA,5,2.1,6
2023,12,IQ Secundaria,SAN CRISTOBAL,107,59.6,129
2023,12,IQ Secundaria,SAN FRANCISCO DE MACORIS,143,281.9,341
2023,12,IQ Secundaria,SAN JUAN DE LA MAGUANA,181,337.7,321
2023,12,IQ Secundaria,SAN PEDRO DE MACORIS,111,108.1,190
2023,12,IQ Secundaria,SANTIAGO,220,297.0,447
2023,12,IQ Secundaria,SANTO DOMINGO,794,880.8,1352
2023,12,IQ Secundaria,Sin ubicación,408,410.0,665
2024,1,512,AZUA,7,4.1,10
2024,1,512,BAHORUCO,2,6.0,9
2024,1,512,BARAHONA,9,3.3,10
2024,1,512,COTUI,5,4.0,9
2024,1,512,HIGUEY,2,1.3,2
2024,1,512,LA VEGA,4,2.2,4
2024,1,512,MAO,4,1.8,5
2024,1,512,MONTE CRISTI,5,2.2,5
2024,1,512,MONTE PLATA,2,0.6,2
2024,1,512,NAGUA,3,2.7,3
2024,1,512,PUERTO PLATA,3,1.6,3
2024,1,512,SAN CRISTOBAL,2,1.1,2
2024,1,512,SAN FRANCISCO DE MACORIS,8,4.8,9
2024,1,512,SAN JUAN DE LA MAGUANA,3,0.9,3
2024,1,512,SAN PEDRO DE MACORIS,2,1.0,2
2024,1,512,SANTIAGO,3,2.4,4
2024,1,512,SANTO DOMINGO,31,19.3,42
2024,1,512,Sin ubicación,141,99.4,187
2024,1,IQ Primaria,AZUA,5,1.5,5
2024,1,IQ Primaria,BAHORUCO,2,1.7,3
2024,1,IQ Primaria,BARAHONA,1,0.3,1
2024,1,IQ Primaria,COTUI,7,16.8,19
2024,1,IQ Primaria,HIGUEY,76,83.8,110
2024,1,IQ Primaria,LA VEGA,11,21.7,24
2024,1,IQ Primaria,MAO,9,5.9,13
2024,1,IQ Primaria,MONTE CRISTI,5,3.5,6
2024,1,IQ Primaria,NAGUA,7,5.6,11
2024,1,IQ Primaria,PUERTO PLATA,5,1.5,5
2024,1,IQ Primaria,SAN CRISTOBAL,39,33.7,51
2024,1,IQ Primaria,SAN FRANCISCO DE MACORIS,22,16.6,30
2024,1,IQ Primaria,SAN JUAN DE LA MAGUANA,5,2.4,6
2024,1,IQ Primaria,SAN PEDRO DE MACORIS,50,35.0,56
2024,1,IQ Primaria,SANTIAGO,54,44.7,69
2024,1,IQ Primaria,SANTO DOMINGO,278,209.8,356
2024,1,IQ Primaria,Sin ubicación,129,127.3,198
2024,1,IQ Secundaria,AZUA,102,118.3,191
2024,1,IQ Secundaria,BAHORUCO,2,2.6,3
2024,1,IQ Secundaria,BARAHONA,4,3.3,7
2024,1,IQ Secundaria,COTUI,79,75.4,177
2024,1,IQ Secundaria,HIGUEY,68,66.8,119
2024,1,IQ Secundaria,LA VEGA,76,40.5,96
2024,1,IQ Secundaria,MAO,4,1.6,6
2024,1,IQ Secundaria,MONTE CRISTI,45,42.6,83
2024,1,IQ Secundaria,MONTE PLATA,9,10.0,14
2024,1,IQ Secundaria,NAGUA,55,37.7,96
2024,1,IQ Secundaria,PUERTO PLATA,55,54.5,113
2024,1,IQ Secundaria,SAN CRISTOBAL,83,95.3,187
2024,1,IQ Secundaria,SAN FRANCISCO DE MACORIS,142,162.6,357
2024,1,IQ Secundaria,SAN JUAN DE LA MAGUANA,101,109.9,288
2024,1,IQ Secundaria,SAN PEDRO DE MACORIS,100,89.9,176
2024,1,IQ Secundaria,SANTIAGO,299,346.4,615
2024,1,IQ Secundaria,SANTO DOMINGO,795,679.1,1340
2024,1,IQ Secundaria,Sin ubicación,538,703.7,1219
2024,2,512,AZUA,5,4.9,9
2024,2,512,BAHORUCO,1,1.6,5
2024,2,512,BARAHONA,7,3.4,8
2024,2,512,COTUI,6,4.6,7
2024,2,512,HIGUEY,2,1.2,3
2024,2,512,LA VEGA,10,6.3,12
2024,2,512,MAO,5,2.6,6
2024,2,512,MONTE CRISTI,4,2.0,5
2024,2,512,NAGUA,3,2.5,4
2024,2,512,PUERTO PLATA,3,1.4,3
2024,2,512,SAN CRISTOBAL,5,3.1,6
2024,2,512,SAN FRANCISCO DE MACORIS,4,2.5,4
2024,2,512,SAN JUAN DE LA MAGUANA,2,1.1,3
2024,2,512,SAN PEDRO DE MACORIS,4,5.4,7
2024,2,512,SANTIAGO,7,4.0,8
2024,2,512,SANTO DOMINGO,31,17.4,39
2024,2,512,Sin ubicación,137,105.5,194
2024,2,IQ Primaria,AZUA,23,16.4,24
2024,2,IQ Primaria,BAHORUCO,3,0.9,3
2024,2,IQ Primaria,BARAHONA,1,0.4,1
2024,2,IQ Primaria,COTUI,22,15.6,31
2024,2,IQ Primaria,HIGUEY,109,119.2,143
2024,2,IQ Primaria,LA VEGA,10,12.7,21
2024,2,IQ Primaria,MAO,9,6.4,14
2024,2,IQ Primaria,MONTE CRISTI,7,2.9,7
2024,2,IQ Primaria,MONTE PLATA,3,1.3,4
2024,2,IQ Primaria,NAGUA,3,5.2,10
2024,2,IQ Primaria,PUERTO PLATA,5,5.7,10
2024,2,IQ Primaria,SAN CRISTOBAL,20,13.2,23
2024,2,IQ Primaria,SAN FRANCISCO DE MACORIS,24,17.2,34
2024,2,IQ Primaria,SAN JUAN DE LA MAGUANA,1,0.0,1
2024,2,IQ Primaria,SAN PEDRO DE MACORIS,13,6.5,14
2024,2,IQ Primaria,SANTIAGO,253,190.1,395
2024,2,IQ Primaria,SANTO DOMINGO,391,435.4,712
2024,2,IQ Primaria,Sin ubicación,237,272.5,460
2024,2,IQ Secundaria,AZUA,174,192.5,459
2024,2,IQ Secundaria,BAHORUCO,6,4.9,8
2024,2,IQ Secundaria,BARAHONA,3,3.7,5
2024,2,IQ Secundaria,COTUI,146,245.7,343
2024,2,IQ Secundaria,HIGUEY,141,119.9,192
2024,2,IQ Secundaria,LA VEGA,29,16.0,50
2024,2,IQ Secundaria,MAO,20,10.0,24
2024,2,IQ Secundaria,MONTE CRISTI,82,52.0,134
2024,2,IQ Secundaria,MONTE PLATA,10,23.9,46
2024,2,IQ Secundaria,NAGUA,61,40.3,80
2024,2,IQ Secundaria,PUERTO PLATA,98,122.5,202
2024,2,IQ Secundaria,SAN CRISTOBAL,123,97.2,182
2024,2,IQ Secundaria,SAN FRANCISCO DE MACORIS,248,269.3,512
2024,2,IQ Secundaria,SAN JUAN DE LA MAGUANA,51,41.4,152
2024,2,IQ Secundaria,SAN PEDRO DE MACORIS,116,165.6,247
2024,2,IQ Secundaria,SANTIAGO,517,557.0,1093
2024,2,IQ Secundaria,SANTO DOMINGO,810,752.9,1522
2024,2,IQ Secundaria,Sin ubicación,598,556.1,1139
2024,3,512,AZUA,5,13.5,18
2024,3,512,BAHORUCO,2,3.3,7
2024,3,512,BARAHONA,5,5.8,17
2024,3,512,COTUI,5,4.2,7
2024,3,512,HIGUEY,4,1.7,4
2024,3,512,LA VEGA,9,3.2,9
2024,3,512,MAO,2,2.1,5
2024,3,512,MONTE CRISTI,3,3.2,8
2024,3,512,MONTE PLATA,1,0.3,1
2024,3,512,NAGUA,6,2.9,8
2024,3,512,PUERTO PLATA,4,2.5,5
2024,3,512,SAN CRISTOBAL,6,1.5,7
2024,3,512,SAN FRANCISCO DE MACORIS,8,12.4,22
2024,3,512,SAN JUAN DE LA MAGUANA,3,2.2,3
2024,3,512,SAN PEDRO DE MACORIS,5,13.4,14
2024,3,512,SANTIAGO,4,2.9,5
2024,3,512,SANTO DOMINGO,40,57.2,68
2024,3,512,Sin ubicación,192,176.2,279
2024,3,IQ Primaria,AZUA,23,45.0,41
2024,3,IQ Primaria,BAHORUCO,2,2.4,3
2024,3,IQ Primaria,BARAHONA,1,0.2,1
2024,3,IQ Primaria,COTUI,25,52.1,45
2024,3,IQ Primaria,HIGUEY,321,362.5,458
2024,3,IQ Primaria,LA VEGA,10,14.1,19
2024,3,IQ Primaria,MAO,6,5.0,9
2024,3,IQ Primaria,MONTE CRISTI,4,1.6,4
2024,3,IQ Primaria,MONTE PLATA,3,1.9,3
2024,3,IQ Primaria,NAGUA,74,162.6,102
2024,3,IQ Primaria,PUERTO PLATA,39,52.4,77
2024,3,IQ Primaria,SAN CRISTOBAL,198,224.0,273
2024,3,IQ Primaria,SAN FRANCISCO DE MACORIS,11,10.7,14
2024,3,IQ Primaria,SAN JUAN DE LA MAGUANA,3,1.1,3
2024,3,IQ Primaria,SAN PEDRO DE MACORIS,12,9.7,14
2024,3,IQ Primaria,SANTIAGO,805,1359.5,1628
2024,3,IQ Primaria,SANTO DOMINGO,948,1642.3,1665
2024,3,IQ Primaria,Sin ubicación,551,664.1,830
2024,3,IQ Secundaria,AZUA,180,188.1,288
2024,3,IQ Secundaria,BAHORUCO,43,48.1,75
2024,3,IQ Secundaria,BARAHONA,4,2.2,7
2024,3,IQ Secundaria,COTUI,76,70.8,172
2024,3,IQ Secundaria,HIGUEY,571,809.3,1210
2024,3,IQ Secundaria,LA VEGA,71,57.8,166
2024,3,IQ Secundaria,MAO,6,4.7,7
2024,3,IQ Secundaria,MONTE CRISTI,174,193.0,379
2024,3,IQ Secundaria,MONTE PLATA,20,37.7,61
2024,3,IQ Secundaria,NAGUA,90,148.4,178
2024,3,IQ Secundaria,PUERTO PLATA,140,194.6,350
2024,3,IQ Secundaria,SAN CRISTOBAL,232,317.4,350
2024,3,IQ Secundaria,SAN FRANCISCO DE MACORIS,147,164.3,270
2024,3,IQ Secundaria,SAN JUAN DE LA MAGUANA,75,70.0,175
2024,3,IQ Secundaria,SAN PEDRO DE MACORIS,180,330.9,481
2024,3,IQ Secundaria,SANTIAGO,798,1472.5,1944
2024,3,IQ Secundaria,SANTO DOMINGO,1383,2006.6,2516
2024,3,IQ Secundaria,Sin ubicación,1438,1648.1,2673
2024,4,512,AZUA,6,7.6,13
2024,4,512,BAHORUCO,3,2.6,5
2024,4,512,BARAHONA,13,11.0,24
2024,4,512,COTUI,4,2.7,6
2024,4,512,HIGUEY,1,1.0,2
2024,4,512,LA VEGA,7,9.3,11
2024,4,512,MAO,5,4.6,9
2024,4,512,MONTE CRISTI,4,2.3,5
2024,4,512,MONTE PLATA,4,2.7,4
2024,4,512,NAGUA,5,2.7,8
2024,4,512,PUERTO PLATA,4,3.3,6
2024,4,512,SAN CRISTOBAL,5,6.3,11
2024,4,512,SAN FRANCISCO DE MACORIS,9,9.5,24
2024,4,512,SAN JUAN DE LA MAGUANA,5,4.2,9
2024,4,512,SAN PEDRO DE MACORIS,7,9.6,14
2024,4,512,SANTIAGO,8,5.5,11
2024,4,512,SANTO DOMINGO,41,47.5,72
2024,4,512,Sin ubicación,243,256.3,383
2024,4,IQ Primaria,AZUA,9,5.7,10
2024,4,IQ Primaria,BAHORUCO,7,4.6,8
2024,4,IQ Primaria,BARAHONA,10,14.6,17
2024,4,IQ Primaria,COTUI,13,20.0,20
2024,4,IQ Primaria,HIGUEY,755,1559.0,1578
2024,4,IQ Primaria,LA VEGA,86,115.6,125
2024,4,IQ Primaria,MAO,8,6.8,10
2024,4,IQ Primaria,MONTE CRISTI,19,21.4,26
2024,4,IQ Primaria,MONTE PLATA,50,38.9,57
2024,4,IQ Primaria,NAGUA,68,84.0,85
2024,4,IQ Primaria,PUERTO PLATA,132,167.6,176
2024,4,IQ Primaria,SAN CRISTOBAL,738,1236.5,1205
2024,4,IQ Primaria,SAN FRANCISCO DE MACORIS,322,364.4,428
2024,4,IQ Primaria,SAN JUAN DE LA MAGUANA,3,2.3,3
2024,4,IQ Primaria,SAN PEDRO DE MACORIS,25,23.5,31
2024,4,IQ Primaria,SANTIAGO,531,773.5,901
2024,4,IQ Primaria,SANTO DOMINGO,1547,2337.8,2584
2024,4,IQ Primaria,Sin ubicación,1602,2123.6,2823
2024,4,IQ Secundaria,AZUA,238,276.2,389
2024,4,IQ Secundaria,BAHORUCO,139,135.1,291
2024,4,IQ Secundaria,BARAHONA,33,29.8,67
2024,4,IQ Secundaria,COTUI,275,498.2,770
2024,4,IQ Secundaria,HIGUEY,281,267.6,550
2024,4,IQ Secundaria,LA VEGA,467,540.6,945
2024,4,IQ Secundaria,MAO,70,56.6,133
2024,4,IQ Secundaria,MONTE CRISTI,362,732.8,1094
2024,4,IQ Secundaria,MONTE PLATA,78,84.5,143
2024,4,IQ Secundaria,NAGUA,232,273.6,451
2024,4,IQ Secundaria,PUERTO PLATA,322,476.7,655
2024,4,IQ Secundaria,SAN CRISTOBAL,1369,2258.3,3107
2024,4,IQ Secundaria,SAN FRANCISCO DE MACORIS,784,1180.4,1655
2024,4,IQ Secundaria,SAN JUAN DE LA MAGUANA,101,162.8,317
2024,4,IQ Secundaria,SAN PEDRO DE MACORIS,356,404.2,659
2024,4,IQ Secundaria,SANTIAGO,1211,1740.8,2985
2024,4,IQ Secundaria,SANTO DOMINGO,2192,3595.4,4756
2024,4,IQ Secundaria,Sin ubicación,3650,4607.9,7217
2024,5,512,AZUA,6,9.0,12
2024,5,512,BAHORUCO,1,0.3,1
2024,5,512,BARAHONA,8,7.4,16
2024,5,512,COTUI,5,10.1,10
2024,5,512,HIGUEY,6,4.4,6
2024,5,512,LA VEGA,6,3.4,6
2024,5,512,MAO,5,3.3,7
2024,5,512,MONTE CRISTI,2,1.3,3
2024,5,512,NAGUA,8,4.9,9
2024,5,512,PUERTO PLATA,2,2.8,5
2024,5,512,SAN CRISTOBAL,10,9.1,15
2024,5,512,SAN FRANCISCO DE MACORIS,7,4.3,9
2024,5,512,SAN JUAN DE LA MAGUANA,4,2.5,6
2024,5,512,SAN PEDRO DE MACORIS,7,9.1,17
2024,5,512,SANTIAGO,5,4.7,8
2024,5,512,SANTO DOMINGO,34,23.2,47
2024,5,512,Sin ubicación,235,368.9,406
2024,5,IQ Primaria,AZUA,41,30.3,45
2024,5,IQ Primaria,BAHORUCO,11,4.8,12
2024,5,IQ Primaria,BARAHONA,27,18.6,30
2024,5,IQ Primaria,COTUI,47,41.7,68
2024,5,IQ Primaria,HIGUEY,143,213.2,247
2024,5,IQ Primaria,LA VEGA,63,54.5,83
2024,5,IQ Primaria,MAO,21,11.0,26
2024,5,IQ Primaria,MONTE CRISTI,17,13.0,22
2024,5,IQ Primaria,MONTE PLATA,12,5.7,13
2024,5,IQ Primaria,NAGUA,22,15.7,27
2024,5,IQ Primaria,PUERTO PLATA,21,19.2,30
2024,5,IQ Primaria,SAN CRISTOBAL,49,31.7,57
2024,5,IQ Primaria,SAN FRANCISCO DE MACORIS,54,38.4,62
2024,5,IQ Primaria,SAN JUAN DE LA MAGUANA,33,20.9,41
2024,5,IQ Primaria,SAN PEDRO DE MACORIS,89,62.0,104
2024,5,IQ Primaria,SANTIAGO,155,120.0,193
2024,5,IQ Primaria,SANTO DOMINGO,360,256.1,430
2024,5,IQ Primaria,Sin ubicación,570,475.9,747
2024,5,IQ Secundaria,AZUA,1265,2019.7,3381
2024,5,IQ Secundaria,BAHORUCO,223,382.6,599
2024,5,IQ Secundaria,BARAHONA,610,738.1,1435
2024,5,IQ Secundaria,COTUI,1230,1924.3,3370
2024,5,IQ Secundaria,HIGUEY,1665,3341.8,4952
2024,5,IQ Secundaria,LA VEGA,1454,2262.5,3479
2024,5,IQ Secundaria,MAO,558,741.5,1303
2024,5,IQ Secundaria,MONTE CRISTI,936,2350.1,3216
2024,5,IQ Secundaria,MONTE PLATA,545,606.2,1271
2024,5,IQ Secundaria,NAGUA,822,1220.0,2066
2024,5,IQ Secundaria,PUERTO PLATA,986,1452.9,2621
2024,5,IQ Secundaria,SAN CRISTOBAL,2103,2822.9,5283
2024,5,IQ Secundaria,SAN FRANCISCO DE MACORIS,1358,2193.6,3190
2024,5,IQ Secundaria,SAN JUAN DE LA MAGUANA,781,1064.0,1873
2024,5,IQ Secundaria,SAN PEDRO DE MACORIS,1949,3303.8,5154
2024,5,IQ Secundaria,SANTIAGO,2949,4177.0,7411
2024,5,IQ Secundaria,SANTO DOMINGO,9863,16020.9,24535
2024,5,IQ Secundaria,Sin ubicación,8091,10389.9,19789
2024,6,512,AZUA,11,15.6,22
2024,6,512,BAHORUCO,3,2.8,5
2024,6,512,BARAHONA,11,17.3,30
2024,6,512,COTUI,6,4.0,10
2024,6,512,HIGUEY,4,5.5,12
2024,6,512,LA VEGA,21,15.1,24
2024,6,512,MAO,8,8.1,14
2024,6,512,MONTE CRISTI,5,3.4,6
2024,6,512,MONTE PLATA,5,3.7,8
2024,6,512,NAGUA,4,8.2,13
2024,6,512,PUERTO PLATA,3,3.0,7
2024,6,512,SAN CRISTOBAL,13,8.7,19
2024,6,512,SAN FRANCISCO DE MACORIS,10,20.9,29
2024,6,512,SAN JUAN DE LA MAGUANA,10,11.2,14
2024,6,512,SAN PEDRO DE MACORIS,4,3.8,7
2024,6,512,SANTIAGO,7,2.3,9
2024,6,512,SANTO DOMINGO,58,55.6,94
2024,6,512,Sin ubicación,512,641.4,856
2024,6,IQ Primaria,AZUA,28,20.6,34
2024,6,IQ Primaria,BAHORUCO,7,5.1,10
2024,6,IQ Primaria,BARAHONA,7,3.0,7
2024,6,IQ Primaria,COTUI,17,11.1,21
2024,6,IQ Primaria,HIGUEY,28,17.4,36
2024,6,IQ Primaria,LA VEGA,19,9.8,21
2024,6,IQ Primaria,MAO,4,3.1,4
2024,6,IQ Primaria,MONTE CRISTI,8,6.6,9
2024,6,IQ Primaria,MONTE PLATA,12,7.1,15
2024,6,IQ Primaria,NAGUA,5,2.1,6
2024,6,IQ Primaria,PUERTO PLATA,3,1.5,5
2024,6,IQ Primaria,SAN CRISTOBAL,34,14.5,35
2024,6,IQ Primaria,SAN FRANCISCO DE MACORIS,17,9.3,20
2024,6,IQ Primaria,SAN JUAN DE LA MAGUANA,19,17.3,23
2024,6,IQ Primaria,SAN PEDRO DE MACORIS,43,32.8,49
2024,6,IQ Primaria,SANTIAGO,34,23.2,36
2024,6,IQ Primaria,SANTO DOMINGO,171,108.5,196
2024,6,IQ Primaria,Sin ubicación,212,151.0,258
2024,6,IQ Secundaria,AZUA,935,1689.5,2637
2024,6,IQ Secundaria,BAHORUCO,207,347.6,556
2024,6,IQ Secundaria,BARAHONA,470,829.0,1398
2024,6,IQ Secundaria,COTUI,696,1171.6,2012
2024,6,IQ Secundaria,HIGUEY,963,2320.7,3208
2024,6,IQ Secundaria,LA VEGA,1074,2138.3,2890
2024,6,IQ Secundaria,MAO,324,661.4,925
2024,6,IQ Secundaria,MONTE CRISTI,582,1496.6,1926
2024,6,IQ Secundaria,MONTE PLATA,350,527.4,909
2024,6,IQ Secundaria,NAGUA,403,806.7,1175
2024,6,IQ Secundaria,PUERTO PLATA,677,1473.7,2339
2024,6,IQ Secundaria,SAN CRISTOBAL,1173,2747.0,3494
2024,6,IQ Secundaria,SAN FRANCISCO DE MACORIS,1088,2055.4,2820
2024,6,IQ Secundaria,SAN JUAN DE LA MAGUANA,429,821.7,1356
2024,6,IQ Secundaria,SAN PEDRO DE MACORIS,1458,3496.9,4575
2024,6,IQ Secundaria,SANTIAGO,2423,5386.3,7091
2024,6,IQ Secundaria,SANTO DOMINGO,8211,20728.3,24158
2024,6,IQ Secundaria,Sin ubicación,6685,13733.6,19143
2024,7,512,AZUA,30,102.2,103
2024,7,512,BAHORUCO,17,36.8,33
2024,7,512,BARAHONA,26,45.4,81
2024,7,512,COTUI,15,10.4,24
2024,7,512,HIGUEY,17,57.9,43
2024,7,512,LA VEGA,45,109.9,127
2024,7,512,MAO,7,42.3,34
2024,7,512,MONTE CRISTI,11,10.1,24
2024,7,512,MONTE PLATA,7,13.2,18
2024,7,512,NAGUA,13,18.5,37
2024,7,512,PUERTO PLATA,9,17.0,25
2024,7,512,SAN CRISTOBAL,25,50.3,64
2024,7,512,SAN FRANCISCO DE MACORIS,19,27.2,62
2024,7,512,SAN JUAN DE LA MAGUANA,19,120.0,95
2024,7,512,SAN PEDRO DE MACORIS,11,14.7,22
2024,7,512,SANTIAGO,34,48.8,91
2024,7,512,SANTO DOMINGO,176,390.3,453
2024,7,512,Sin ubicación,1433,3447.7,3757
2024,7,IQ Primaria,AZUA,3,9.1,9
2024,7,IQ Primaria,BAHORUCO,2,2.6,2
2024,7,IQ Primaria,COTUI,2,1.2,2
2024,7,IQ Primaria,HIGUEY,4,1.5,4
2024,7,IQ Primaria,MONTE CRISTI,1,0.5,1
2024,7,IQ Primaria,PUERTO PLATA,1,0.3,1
2024,7,IQ Primaria,SAN CRISTOBAL,5,6.4,6
2024,7,IQ Primaria,SAN FRANCISCO DE MACORIS,3,2.0,4
2024,7,IQ Primaria,SAN PEDRO DE MACORIS,3,2.1,3
2024,7,IQ Primaria,SANTIAGO,5,2.2,5
2024,7,IQ Primaria,SANTO DOMINGO,32,26.1,41
2024,7,IQ Primaria,Sin ubicación,32,57.2,66
2024,7,IQ Secundaria,AZUA,40,20.7,62
2024,7,IQ Secundaria,BAHORUCO,6,10.1,17
2024,7,IQ Secundaria,BARAHONA,15,5.8,21
2024,7,IQ Secundaria,COTUI,25,24.3,77
2024,7,IQ Secundaria,HIGUEY,43,40.5,110
2024,7,IQ Secundaria,LA VEGA,32,21.4,72
2024,7,IQ Secundaria,MAO,21,35.4,45
2024,7,IQ Secundaria,MONTE CRISTI,17,6.0,22
2024,7,IQ Secundaria,MONTE PLATA,15,23.0,42
2024,7,IQ Secundaria,NAGUA,20,23.5,50
2024,7,IQ Secundaria,PUERTO PLATA,25,18.6,60
2024,7,IQ Secundaria,SAN CRISTOBAL,52,37.3,103
2024,7,IQ Secundaria,SAN FRANCISCO DE MACORIS,40,24.1,63
2024,7,IQ Secundaria,SAN JUAN DE LA MAGUANA,21,35.5,66
2024,7,IQ Secundaria,SAN PEDRO DE MACORIS,51,30.2,92
2024,7,IQ Secundaria,SANTIAGO,114,150.9,249
2024,7,IQ Secundaria,SANTO DOMINGO,358,438.7,787
2024,7,IQ Secundaria,Sin ubicación,386,511.3,831
2024,8,512,AZUA,21,65.9,64
2024,8,512,BAHORUCO,8,20.8,20
2024,8,512,BARAHONA,18,36.1,56
2024,8,512,COTUI,2,1.5,4
2024,8,512,HIGUEY,11,26.5,24
2024,8,512,LA VEGA,23,96.1,72
2024,8,512,MAO,7,29.6,23
2024,8,512,MONTE CRISTI,6,11.9,13
2024,8,512,MONTE PLATA,2,20.7,13
2024,8,512,NAGUA,8,15.6,16
2024,8,512,PUERTO PLATA,5,12.8,11
2024,8,512,SAN CRISTOBAL,16,36.4,36
2024,8,512,SAN FRANCISCO DE MACORIS,15,42.4,52
2024,8,512,SAN JUAN DE LA MAGUANA,10,35.3,30
2024,8,512,SAN PEDRO DE MACORIS,6,11.2,15
2024,8,512,SANTIAGO,21,68.9,68
2024,8,512,SANTO DOMINGO,120,491.7,426
2024,8,512,Sin ubicación,871,3030.9,2543
2024,8,IQ Primaria,AZUA,3,4.4,6
2024,8,IQ Primaria,COTUI,3,2.1,3
2024,8,IQ Primaria,HIGUEY,7,6.6,9
2024,8,IQ Primaria,LA VEGA,1,0.3,1
2024,8,IQ Primaria,MONTE CRISTI,7,3.9,9
2024,8,IQ Primaria,MONTE PLATA,1,0.4,1
2024,8,IQ Primaria,NAGUA,3,3.3,9
2024,8,IQ Primaria,SAN CRISTOBAL,10,4.1,11
2024,8,IQ Primaria,SAN FRANCISCO DE MACORIS,6,3.6,7
2024,8,IQ Primaria,SAN JUAN DE LA MAGUANA,1,1.0,1
2024,8,IQ Primaria,SAN PEDRO DE MACORIS,13,8.5,16
2024,8,IQ Primaria,SANTIAGO,13,11.3,15
2024,8,IQ Primaria,SANTO DOMINGO,32,30.8,42
2024,8,IQ Primaria,Sin ubicación,45,59.3,78
2024,8,IQ Secundaria,AZUA,32,34.3,64
2024,8,IQ Secundaria,BAHORUCO,13,13.4,30
2024,8,IQ Secundaria,BARAHONA,13,13.1,30
2024,8,IQ Secundaria,COTUI,34,36.7,74
2024,8,IQ Secundaria,HIGUEY,64,68.9,117
2024,8,IQ Secundaria,LA VEGA,44,50.4,93
2024,8,IQ Secundaria,MAO,14,30.3,40
2024,8,IQ Secundaria,MONTE CRISTI,38,30.4,57
2024,8,IQ Secundaria,MONTE PLATA,16,11.4,20
2024,8,IQ Secundaria,NAGUA,18,15.5,32
2024,8,IQ Secundaria,PUERTO PLATA,37,50.6,73
2024,8,IQ Secundaria,SAN CRISTOBAL,55,86.9,111
2024,8,IQ Secundaria,SAN FRANCISCO DE MACORIS,99,107.5,173
2024,8,IQ Secundaria,SAN JUAN DE LA MAGUANA,33,33.1,65
2024,8,IQ Secundaria,SAN PEDRO DE MACORIS,89,95.8,172
2024,8,IQ Secundaria,SANTIAGO,165,297.4,359
2024,8,IQ Secundaria,SANTO DOMINGO,449,836.0,1040
2024,8,IQ Secundaria,Sin ubicación,411,573.8,775
2024,9,512,AZUA,20,89.7,85
2024,9,512,BAHORUCO,15,52.9,49
2024,9,512,BARAHONA,18,64.6,71
2024,9,512,COTUI,12,71.6,53
2024,9,512,HIGUEY,19,73.5,63
2024,9,512,LA VEGA,36,105.9,100
2024,9,512,MAO,8,48.1,31
2024,9,512,MONTE CRISTI,9,14.6,22
2024,9,512,MONTE PLATA,4,32.0,23
2024,9,512,NAGUA,13,50.1,36
2024,9,512,PUERTO PLATA,9,22.1,30
2024,9,512,SAN CRISTOBAL,28,100.7,89
2024,9,512,SAN FRANCISCO DE MACORIS,12,40.3,56
2024,9,512,SAN JUAN DE LA MAGUANA,13,57.9,51
2024,9,512,SAN PEDRO DE MACORIS,7,25.8,18
2024,9,512,SANTIAGO,22,41.7,55
2024,9,512,SANTO DOMINGO,166,669.1,647
2024,9,512,Sin ubicación,1241,6019.3,4783
2024,9,IQ Primaria,AZUA,3,2.1,5
2024,9,IQ Primaria,BARAHONA,1,0.2,1
2024,9,IQ Primaria,COTUI,4,2.7,4
2024,9,IQ Primaria,HIGUEY,9,8.8,11
2024,9,IQ Primaria,LA VEGA,4,4.4,6
2024,9,IQ Primaria,MAO,4,2.7,5
2024,9,IQ Primaria,MONTE CRISTI,6,4.7,6
2024,9,IQ Primaria,MONTE PLATA,2,9.1,6
2024,9,IQ Primaria,NAGUA,5,6.0,7
2024,9,IQ Primaria,PUERTO PLATA,3,3.7,6
2024,9,IQ Primaria,SAN CRISTOBAL,11,13.5,20
2024,9,IQ Primaria,SAN FRANCISCO DE MACORIS,8,8.0,14
2024,9,IQ Primaria,SAN JUAN DE LA MAGUANA,1,0.5,1
2024,9,IQ Primaria,SAN PEDRO DE MACORIS,18,27.4,37
2024,9,IQ Primaria,SANTIAGO,12,15.8,17
2024,9,IQ Primaria,SANTO DOMINGO,43,33.3,53
2024,9,IQ Primaria,Sin ubicación,42,53.7,77
2024,9,IQ Secundaria,AZUA,22,14.5,30
2024,9,IQ Secundaria,BAHORUCO,6,3.4,8
2024,9,IQ Secundaria,BARAHONA,13,15.6,36
2024,9,IQ Secundaria,COTUI,21,11.9,31
2024,9,IQ Secundaria,HIGUEY,33,30.3,53
2024,9,IQ Secundaria,LA VEGA,30,24.5,41
2024,9,IQ Secundaria,MAO,7,14.7,20
2024,9,IQ Secundaria,MONTE CRISTI,19,10.7,30
2024,9,IQ Secundaria,MONTE PLATA,9,6.3,19
2024,9,IQ Secundaria,NAGUA,18,20.6,35
2024,9,IQ Secundaria,PUERTO PLATA,23,29.4,54
2024,9,IQ Secundaria,SAN CRISTOBAL,26,13.7,43
2024,9,IQ Secundaria,SAN FRANCISCO DE MACORIS,38,31.4,63
2024,9,IQ Secundaria,SAN JUAN DE LA MAGUANA,20,15.8,48
2024,9,IQ Secundaria,SAN PEDRO DE MACORIS,88,106.4,167
2024,9,IQ Secundaria,SANTIAGO,65,76.7,113
2024,9,IQ Secundaria,SANTO DOMINGO,232,224.9,407
2024,9,IQ Secundaria,Sin ubicación,265,298.6,477
2024,10,512,AZUA,28,76.7,104
2024,10,512,BAHORUCO,15,23.8,34
2024,10,512,BARAHONA,19,49.5,68
2024,10,512,COTUI,14,88.1,60
2024,10,512,HIGUEY,13,47.1,39
2024,10,512,LA VEGA,31,82.2,80
2024,10,512,MAO,9,14.6,24
2024,10,512,MONTE CRISTI,8,14.1,16
2024,10,512,MONTE PLATA,5,8.6,13
2024,10,512,NAGUA,9,32.1,38
2024,10,512,PUERTO PLATA,8,36.8,30
2024,10,512,SAN CRISTOBAL,24,132.1,95
2024,10,512,SAN FRANCISCO DE MACORIS,17,83.6,76
2024,10,512,SAN JUAN DE LA MAGUANA,18,77.5,70
2024,10,512,SAN PEDRO DE MACORIS,10,16.4,21
2024,10,512,SANTIAGO,24,52.3,65
2024,10,512,SANTO DOMINGO,175,612.3,575
2024,10,512,Sin ubicación,1362,5233.1,4468
2024,10,IQ Primaria,AZUA,5,3.6,9
2024,10,IQ Primaria,BAHORUCO,2,0.5,2
2024,10,IQ Primaria,COTUI,1,0.7,1
2024,10,IQ Primaria,HIGUEY,8,7.8,13
2024,10,IQ Primaria,LA VEGA,9,9.2,14
2024,10,IQ Primaria,MAO,10,40.3,30
2024,10,IQ Primaria,MONTE CRISTI,5,4.8,11
2024,10,IQ Primaria,MONTE PLATA,1,5.3,7
2024,10,IQ Primaria,NAGUA,4,3.2,7
2024,10,IQ Primaria,PUERTO PLATA,4,5.8,9
2024,10,IQ Primaria,SAN CRISTOBAL,4,11.9,14
2024,10,IQ Primaria,SAN FRANCISCO DE MACORIS,3,1.7,3
2024,10,IQ Primaria,SAN JUAN DE LA MAGUANA,4,1.7,4
2024,10,IQ Primaria,SAN PEDRO DE MACORIS,14,8.6,15
2024,10,IQ Primaria,SANTIAGO,19,27.6,41
2024,10,IQ Primaria,SANTO DOMINGO,20,26.7,37
2024,10,IQ Primaria,Sin ubicación,43,65.0,77
2024,10,IQ Secundaria,AZUA,8,4.2,13
2024,10,IQ Secundaria,BARAHONA,8,5.6,13
2024,10,IQ Secundaria,COTUI,30,14.3,42
2024,10,IQ Secundaria,HIGUEY,123,296.4,372
2024,10,IQ Secundaria,LA VEGA,49,31.9,59
2024,10,IQ Secundaria,MAO,9,13.7,19
2024,10,IQ Secundaria,MONTE CRISTI,51,37.0,78
2024,10,IQ Secundaria,MONTE PLATA,8,4.4,12
2024,10,IQ Secundaria,NAGUA,23,10.5,39
2024,10,IQ Secundaria,PUERTO PLATA,92,94.2,120
2024,10,IQ Secundaria,SAN CRISTOBAL,20,18.1,28
2024,10,IQ Secundaria,SAN FRANCISCO DE MACORIS,83,70.9,111
2024,10,IQ Secundaria,SAN JUAN DE LA MAGUANA,12,13.3,25
2024,10,IQ Secundaria,SAN PEDRO DE MACORIS,43,48.6,78
2024,10,IQ Secundaria,SANTIAGO,122,129.9,276
2024,10,IQ Secundaria,SANTO DOMINGO,254,306.8,438
2024,10,IQ Secundaria,Sin ubicación,196,219.3,353
2024,11,512,AZUA,28,116.4,87
2024,11,512,BAHORUCO,15,49.9,45
2024,11,512,BARAHONA,26,105.4,100
2024,11,512,COTUI,11,96.8,51
2024,11,512,HIGUEY,11,29.8,23
2024,11,512,LA VEGA,25,173.2,104
2024,11,512,MAO,9,24.3,28
2024,11,512,MONTE CRISTI,10,37.5,37
2024,11,512,MONTE PLATA,6,13.5,13
2024,11,512,NAGUA,8,28.0,29
2024,11,512,PUERTO PLATA,8,77.5,46
2024,11,512,SAN CRISTOBAL,24,72.3,71
2024,11,512,SAN FRANCISCO DE MACORIS,15,71.1,61
2024,11,512,SAN JUAN DE LA MAGUANA,13,87.2,69
2024,11,512,SAN PEDRO DE MACORIS,8,20.9,21
2024,11,512,SANTIAGO,20,82.9,66
2024,11,512,SANTO DOMINGO,134,749.6,527
2024,11,512,Sin ubicación,1101,5796.9,4017
2024,11,IQ Primaria,AZUA,4,10.0,13
2024,11,IQ Primaria,BARAHONA,1,7.1,4
2024,11,IQ Primaria,COTUI,3,2.8,3
2024,11,IQ Primaria,HIGUEY,5,8.9,7
2024,11,IQ Primaria,LA VEGA,4,3.0,4
2024,11,IQ Primaria,MAO,3,1.6,4
2024,11,IQ Primaria,MONTE CRISTI,8,12.9,14
2024,11,IQ Primaria,MONTE PLATA,1,1.5,2
2024,11,IQ Primaria,NAGUA,2,1.5,3
2024,11,IQ Primaria,PUERTO PLATA,1,6.7,7
2024,11,IQ Primaria,SAN CRISTOBAL,4,3.0,5
2024,11,IQ Primaria,SAN FRANCISCO DE MACORIS,1,0.1,1
2024,11,IQ Primaria,SAN JUAN DE LA MAGUANA,2,0.8,2
2024,11,IQ Primaria,SAN PEDRO DE MACORIS,7,8.8,9
2024,11,IQ Primaria,SANTIAGO,10,16.6,19
2024,11,IQ Primaria,SANTO DOMINGO,31,32.6,46
2024,11,IQ Primaria,Sin ubicación,39,56.7,75
2024,11,IQ Secundaria,AZUA,14,11.5,18
2024,11,IQ Secundaria,BAHORUCO,2,5.3,6
2024,11,IQ Secundaria,BARAHONA,6,2.1,7
2024,11,IQ Secundaria,COTUI,32,17.1,55
2024,11,IQ Secundaria,HIGUEY,31,38.1,59
2024,11,IQ Secundaria,LA VEGA,48,32.7,80
2024,11,IQ Secundaria,MAO,4,3.5,6
2024,11,IQ Secundaria,MONTE CRISTI,53,30.1,84
2024,11,IQ Secundaria,MONTE PLATA,2,4.7,3
2024,11,IQ Secundaria,NAGUA,12,12.1,41
2024,11,IQ Secundaria,PUERTO PLATA,94,103.4,138
2024,11,IQ Secundaria,SAN CRISTOBAL,10,8.6,14
2024,11,IQ Secundaria,SAN FRANCISCO DE MACORIS,177,126.1,285
2024,11,IQ Secundaria,SAN JUAN DE LA MAGUANA,59,47.9,96
2024,11,IQ Secundaria,SAN PEDRO DE MACORIS,37,34.5,62
2024,11,IQ Secundaria,SANTIAGO,206,209.4,392
2024,11,IQ Secundaria,SANTO DOMINGO,229,240.2,413
2024,11,IQ Secundaria,Sin ubicación,206,197.8,349
2024,12,512,AZUA,23,58.4,61
2024,12,512,BAHORUCO,11,28.9,23
2024,12,512,BARAHONA,13,56.1,63
2024,12,512,COTUI,13,65.9,57
2024,12,512,HIGUEY,7,30.1,20
2024,12,512,LA VEGA,28,118.7,72
2024,12,512,MAO,7,20.1,18
2024,12,512,MONTE CRISTI,7,9.2,11
2024,12,512,MONTE PLATA,3,5.1,5
2024,12,512,NAGUA,12,25.0,30
2024,12,512,PUERTO PLATA,6,14.2,16
2024,12,512,SAN CRISTOBAL,25,58.2,54
2024,12,512,SAN FRANCISCO DE MACORIS,17,51.8,52
2024,12,512,SAN JUAN DE LA MAGUANA,11,56.0,51
2024,12,512,SAN PEDRO DE MACORIS,6,7.6,13
2024,12,512,SANTIAGO,19,79.1,59
2024,12,512,SANTO DOMINGO,132,456.5,381
2024,12,512,Sin ubicación,978,3481.4,2646
2024,12,IQ Primaria,AZUA,1,0.4,1
2024,12,IQ Primaria,COTUI,1,0.4,1
2024,12,IQ Primaria,LA VEGA,2,2.0,3
2024,12,IQ Primaria,MONTE CRISTI,1,2.9,1
2024,12,IQ Primaria,NAGUA,1,0.4,1
2024,12,IQ Primaria,PUERTO PLATA,1,1.6,1
2024,12,IQ Primaria,SAN CRISTOBAL,3,1.0,3
2024,12,IQ Primaria,SAN FRANCISCO DE MACORIS,1,0.3,1
2024,12,IQ Primaria,SAN JUAN DE LA MAGUANA,1,0.4,1
2024,12,IQ Primaria,SANTIAGO,6,3.5,7
2024,12,IQ Primaria,SANTO DOMINGO,15,21.0,21
2024,12,IQ Primaria,Sin ubicación,15,31.3,30
2024,12,IQ Secundaria,AZUA,4,2.8,9
2024,12,IQ Secundaria,BARAHONA,3,5.7,6
2024,12,IQ Secundaria,COTUI,7,2.4,14
2024,12,IQ Secundaria,HIGUEY,19,18.6,27
2024,12,IQ Secundaria,LA VEGA,14,16.0,35
2024,12,IQ Secundaria,MONTE CRISTI,25,12.9,37
2024,12,IQ Secundaria,MONTE PLATA,5,2.7,6
2024,12,IQ Secundaria,NAGUA,3,2.5,5
2024,12,IQ Secundaria,PUERTO PLATA,14,14.3,24
2024,12,IQ Secundaria,SAN CRISTOBAL,5,1.9,7
2024,12,IQ Secundaria,SAN FRANCISCO DE MACORIS,13,6.7,16
2024,12,IQ Secundaria,SAN JUAN DE LA MAGUANA,60,40.8,87
2024,12,IQ Secundaria,SAN PEDRO DE MACORIS,14,17.0,29
2024,12,IQ Secundaria,SANTIAGO,64,67.7,110
2024,12,IQ Secundaria,SANTO DOMINGO,77,62.3,136
2024,12,IQ Secundaria,Sin ubicación,99,76.7,155
2025,1,512,AZUA,10,18.0,22
2025,1,512,BAHORUCO,2,1.9,4
2025,1,512,BARAHONA,4,3.4,6
2025,1,512,COTUI,4,5.2,7
2025,1,512,LA VEGA,8,15.5,14
2025,1,512,MAO,5,9.7,10
2025,1,512,MONTE CRISTI,2,0.5,2
2025,1,512,MONTE PLATA,1,0.5,2
2025,1,512,NAGUA,1,0.6,1
2025,1,512,SAN CRISTOBAL,7,2.7,7
2025,1,512,SAN FRANCISCO DE MACORIS,4,5.5,10
2025,1,512,SAN JUAN DE LA MAGUANA,2,10.0,5
2025,1,512,SAN PEDRO DE MACORIS,2,2.0,2
2025,1,512,SANTIAGO,9,7.4,12
2025,1,512,SANTO DOMINGO,40,90.4,102
2025,1,512,Sin ubicación,247,452.0,464
2025,1,IQ Primaria,AZUA,11,14.0,22
2025,1,IQ Primaria,BAHORUCO,1,0.2,1
2025,1,IQ Primaria,BARAHONA,1,13.9,10
2025,1,IQ Primaria,COTUI,2,1.1,2
2025,1,IQ Primaria,HIGUEY,4,0.7,4
2025,1,IQ Primaria,LA VEGA,4,4.3,7
2025,1,IQ Primaria,MAO,3,4.6,9
2025,1,IQ Primaria,MONTE CRISTI,1,0.4,1
2025,1,IQ Primaria,MONTE PLATA,1,3.3,5
2025,1,IQ Primaria,NAGUA,2,1.3,2
2025,1,IQ Primaria,PUERTO PLATA,3,4.0,5
2025,1,IQ Primaria,SAN CRISTOBAL,10,16.8,22
2025,1,IQ Primaria,SAN FRANCISCO DE MACORIS,1,0.2,1
2025,1,IQ Primaria,SAN JUAN DE LA MAGUANA,1,0.6,1
2025,1,IQ Primaria,SAN PEDRO DE MACORIS,6,2.4,7
2025,1,IQ Primaria,SANTIAGO,13,11.9,19
2025,1,IQ Primaria,SANTO DOMINGO,46,45.2,56
2025,1,IQ Primaria,Sin ubicación,36,49.3,62
2025,1,IQ Secundaria,AZUA,32,16.7,43
2025,1,IQ Secundaria,BAHORUCO,1,0.8,1
2025,1,IQ Secundaria,BARAHONA,24,20.1,48
2025,1,IQ Secundaria,COTUI,57,47.0,96
2025,1,IQ Secundaria,HIGUEY,36,37.7,68
2025,1,IQ Secundaria,LA VEGA,82,105.6,172
2025,1,IQ Secundaria,MAO,11,13.0,37
2025,1,IQ Secundaria,MONTE CRISTI,92,99.8,157
2025,1,IQ Secundaria,MONTE PLATA,7,2.2,9
2025,1,IQ Secundaria,NAGUA,44,32.0,60
2025,1,IQ Secundaria,PUERTO PLATA,49,35.8,92
2025,1,IQ Secundaria,SAN CRISTOBAL,73,77.9,107
2025,1,IQ Secundaria,SAN FRANCISCO DE MACORIS,180,193.9,401
2025,1,IQ Secundaria,SAN JUAN DE LA MAGUANA,38,23.9,67
2025,1,IQ Secundaria,SAN PEDRO DE MACORIS,113,627.6,418
2025,1,IQ Secundaria,SANTIAGO,397,378.3,837
2025,1,IQ Secundaria,SANTO DOMINGO,422,396.8,801
2025,1,IQ Secundaria,Sin ubicación,459,391.6,839
2025,2,512,AZUA,4,4.8,4
2025,2,512,BAHORUCO,1,0.5,1
2025,2,512,BARAHONA,1,0.7,3
2025,2,512,COTUI,1,0.6,1
2025,2,512,LA VEGA,6,5.2,9
2025,2,512,MAO,2,3.0,3
2025,2,512,NAGUA,5,3.3,6
2025,2,512,SAN CRISTOBAL,3,1.0,3
2025,2,512,SAN FRANCISCO DE MACORIS,2,2.3,4
2025,2,512,SAN JUAN DE LA MAGUANA,4,2.7,10
2025,2,512,SAN PEDRO DE MACORIS,2,10.1,8
2025,2,512,SANTIAGO,4,10.3,10
2025,2,512,SANTO DOMINGO,28,45.0,50
2025,2,512,Sin ubicación,138,161.4,208
2025,2,IQ Primaria,AZUA,7,9.1,13
2025,2,IQ Primaria,BARAHONA,8,10.3,14
2025,2,IQ Primaria,COTUI,2,2.8,3
2025,2,IQ Primaria,HIGUEY,4,3.3,5
2025,2,IQ Primaria,LA VEGA,3,3.0,5
2025,2,IQ Primaria,MAO,5,3.3,6
2025,2,IQ Primaria,MONTE CRISTI,6,3.8,6
2025,2,IQ Primaria,MONTE PLATA,2,5.2,8
2025,2,IQ Primaria,NAGUA,2,1.5,3
2025,2,IQ Primaria,PUERTO PLATA,3,10.1,8
2025,2,IQ Primaria,SAN CRISTOBAL,4,7.8,8
2025,2,IQ Primaria,SAN FRANCISCO DE MACORIS,2,1.9,3
2025,2,IQ Primaria,SAN PEDRO DE MACORIS,9,14.1,14
2025,2,IQ Primaria,SANTIAGO,8,5.1,10
2025,2,IQ Primaria,SANTO DOMINGO,30,31.8,41
2025,2,IQ Primaria,Sin ubicación,48,69.3,86
2025,2,IQ Secundaria,AZUA,60,42.5,106
2025,2,IQ Secundaria,BAHORUCO,5,2.8,8
2025,2,IQ Secundaria,BARAHONA,80,103.5,153
2025,2,IQ Secundaria,COTUI,64,50.5,100
2025,2,IQ Secundaria,HIGUEY,98,79.5,172
2025,2,IQ Secundaria,LA VEGA,139,143.8,271
2025,2,IQ Secundaria,MAO,2,3.7,5
2025,2,IQ Secundaria,MONTE CRISTI,86,103.7,159
2025,2,IQ Secundaria,MONTE PLATA,16,12.3,25
2025,2,IQ Secundaria,NAGUA,124,103.6,210
2025,2,IQ Secundaria,PUERTO PLATA,66,69.9,130
2025,2,IQ Secundaria,SAN CRISTOBAL,119,90.8,189
2025,2,IQ Secundaria,SAN FRANCISCO DE MACORIS,161,142.1,342
2025,2,IQ Secundaria,SAN JUAN DE LA MAGUANA,60,53.6,118
2025,2,IQ Secundaria,SAN PEDRO DE MACORIS,77,123.3,164
2025,2,IQ Secundaria,SANTIAGO,490,432.6,935
2025,2,IQ Secundaria,SANTO DOMINGO,446,470.4,814
2025,2,IQ Secundaria,Sin ubicación,632,848.9,1352
2025,3,512,AZUA,15,3.0,30
2025,3,512,BAHORUCO,5,3.1,7
2025,3,512,BARAHONA,10,8.3,23
2025,3,512,COTUI,7,4.1,12
2025,3,512,LA VEGA,9,8.5,10
2025,3,512,MAO,3,3.7,6
2025,3,512,MONTE CRISTI,1,0.2,1
2025,3,512,MONTE PLATA,2,1.6,2
2025,3,512,NAGUA,2,0.9,2
2025,3,512,PUERTO PLATA,2,0.9,3
2025,3,512,SAN CRISTOBAL,6,5.9,10
2025,3,512,SAN FRANCISCO DE MACORIS,3,1.0,3
2025,3,512,SAN JUAN DE LA MAGUANA,40,32.9,88
2025,3,512,SAN PEDRO DE MACORIS,1,0.5,2
2025,3,512,SANTIAGO,3,1.6,3
2025,3,512,SANTO DOMINGO,52,50.6,88
2025,3,512,Sin ubicación,242,184.0,365
2025,3,IQ Primaria,AZUA,5,9.9,10
2025,3,IQ Primaria,BAHORUCO,3,1.1,3
2025,3,IQ Primaria,BARAHONA,22,10.0,23
2025,3,IQ Primaria,COTUI,4,1.6,4
2025,3,IQ Primaria,HIGUEY,9,10.0,13
2025,3,IQ Primaria,LA VEGA,11,19.9,22
2025,3,IQ Primaria,MAO,21,20.3,24
2025,3,IQ Primaria,MONTE PLATA,7,6.3,14
2025,3,IQ Primaria,NAGUA,4,11.6,10
2025,3,IQ Primaria,PUERTO PLATA,5,5.4,6
2025,3,IQ Primaria,SAN CRISTOBAL,13,15.8,21
2025,3,IQ Primaria,SAN FRANCISCO DE MACORIS,3,2.2,3
2025,3,IQ Primaria,SAN JUAN DE LA MAGUANA,10,3.5,10
2025,3,IQ Primaria,SAN PEDRO DE MACORIS,6,3.7,8
2025,3,IQ Primaria,SANTIAGO,36,21.2,43
2025,3,IQ Primaria,SANTO DOMINGO,78,53.2,84
2025,3,IQ Primaria,Sin ubicación,100,79.8,130
2025,3,IQ Secundaria,AZUA,133,114.6,205
2025,3,IQ Secundaria,BAHORUCO,8,10.6,14
2025,3,IQ Secundaria,BARAHONA,269,327.7,605
2025,3,IQ Secundaria,COTUI,151,290.1,508
2025,3,IQ Secundaria,HIGUEY,133,116.4,186
2025,3,IQ Secundaria,LA VEGA,177,182.3,348
2025,3,IQ Secundaria,MAO,40,19.4,66
2025,3,IQ Secundaria,MONTE CRISTI,160,119.4,228
2025,3,IQ Secundaria,MONTE PLATA,45,45.2,66
2025,3,IQ Secundaria,NAGUA,87,97.6,146
2025,3,IQ Secundaria,PUERTO PLATA,121,118.2,224
2025,3,IQ Secundaria,SAN CRISTOBAL,186,181.1,324
2025,3,IQ Secundaria,SAN FRANCISCO DE MACORIS,306,264.5,505
2025,3,IQ Secundaria,SAN JUAN DE LA MAGUANA,272,1055.2,1198
2025,3,IQ Secundaria,SAN PEDRO DE MACORIS,185,194.0,359
2025,3,IQ Secundaria,SANTIAGO,445,1205.6,1166
2025,3,IQ Secundaria,SANTO DOMINGO,728,787.4,1279
2025,3,IQ Secundaria,Sin ubicación,962,904.5,1833
2025,4,512,AZUA,15,5.6,25
2025,4,512,BAHORUCO,3,1.0,3
2025,4,512,BARAHONA,7,5.2,17
2025,4,512,COTUI,3,2.2,4
2025,4,512,HIGUEY,1,0.1,1
2025,4,512,LA VEGA,5,2.7,7
2025,4,512,MAO,3,1.1,3
2025,4,512,MONTE CRISTI,1,0.0,1
2025,4,512,NAGUA,1,0.4,2
2025,4,512,PUERTO PLATA,1,0.3,1
2025,4,512,SAN CRISTOBAL,6,7.6,8
2025,4,512,SAN FRANCISCO DE MACORIS,2,1.3,2
2025,4,512,SAN JUAN DE LA MAGUANA,39,11.8,58
2025,4,512,SAN PEDRO DE MACORIS,3,1.2,4
2025,4,512,SANTIAGO,2,0.9,2
2025,4,512,SANTO DOMINGO,27,21.4,40
2025,4,512,Sin ubicación,187,119.9,261
2025,4,IQ Primaria,AZUA,11,5.8,13
2025,4,IQ Primaria,BAHORUCO,5,2.3,6
2025,4,IQ Primaria,BARAHONA,4,1.8,5
2025,4,IQ Primaria,COTUI,6,11.1,12
2025,4,IQ Primaria,HIGUEY,7,6.4,9
2025,4,IQ Primaria,LA VEGA,51,33.5,59
2025,4,IQ Primaria,MAO,5,6.5,10
2025,4,IQ Primaria,MONTE CRISTI,6,3.7,7
2025,4,IQ Primaria,MONTE PLATA,10,9.2,12
2025,4,IQ Primaria,NAGUA,8,5.8,11
2025,4,IQ Primaria,PUERTO PLATA,10,10.4,15
2025,4,IQ Primaria,SAN CRISTOBAL,11,7.7,15
2025,4,IQ Primaria,SAN FRANCISCO DE MACORIS,14,12.5,17
2025,4,IQ Primaria,SAN JUAN DE LA MAGUANA,12,9.1,12
2025,4,IQ Primaria,SAN PEDRO DE MACORIS,30,37.2,44
2025,4,IQ Primaria,SANTIAGO,63,69.6,106
2025,4,IQ Primaria,SANTO DOMINGO,58,49.5,66
2025,4,IQ Primaria,Sin ubicación,140,111.3,190
2025,4,IQ Secundaria,AZUA,200,187.2,312
2025,4,IQ Secundaria,BAHORUCO,52,53.8,117
2025,4,IQ Secundaria,BARAHONA,153,144.5,326
2025,4,IQ Secundaria,COTUI,159,164.2,255
2025,4,IQ Secundaria,HIGUEY,225,230.0,379
2025,4,IQ Secundaria,LA VEGA,329,322.6,516
2025,4,IQ Secundaria,MAO,41,32.5,67
2025,4,IQ Secundaria,MONTE CRISTI,306,462.2,599
2025,4,IQ Secundaria,MONTE PLATA,100,88.5,161
2025,4,IQ Secundaria,NAGUA,116,137.2,253
2025,4,IQ Secundaria,PUERTO PLATA,169,224.9,446
2025,4,IQ Secundaria,SAN CRISTOBAL,218,258.9,384
2025,4,IQ Secundaria,SAN FRANCISCO DE MACORIS,530,577.5,902
2025,4,IQ Secundaria,SAN JUAN DE LA MAGUANA,240,663.8,730
2025,4,IQ Secundaria,SAN PEDRO DE MACORIS,339,557.7,816
2025,4,IQ Secundaria,SANTIAGO,1092,1914.7,2340
2025,4,IQ Secundaria,SANTO DOMINGO,1518,1859.4,2730
2025,4,IQ Secundaria,Sin ubicación,1838,1892.9,3219
2025,5,512,AZUA,9,7.1,16
2025,5,512,BAHORUCO,1,0.8,2
2025,5,512,BARAHONA,7,3.9,11
2025,5,512,COTUI,5,4.0,7
2025,5,512,LA VEGA,5,5.7,7
2025,5,512,MAO,3,4.8,6
2025,5,512,MONTE CRISTI,1,0.2,1
2025,5,512,NAGUA,1,0.5,1
2025,5,512,PUERTO PLATA,1,0.7,1
2025,5,512,SAN CRISTOBAL,7,4.2,8
2025,5,512,SAN FRANCISCO DE MACORIS,2,2.2,4
2025,5,512,SAN JUAN DE LA MAGUANA,10,9.7,12
2025,5,512,SAN PEDRO DE MACORIS,2,2.7,4
2025,5,512,SANTIAGO,2,0.9,2
2025,5,512,SANTO DOMINGO,16,12.1,24
2025,5,512,Sin ubicación,143,132.3,216
2025,5,IQ Primaria,AZUA,29,36.0,30
2025,5,IQ Primaria,BAHORUCO,6,4.2,6
2025,5,IQ Primaria,BARAHONA,16,12.4,20
2025,5,IQ Primaria,COTUI,9,4.2,9
2025,5,IQ Primaria,HIGUEY,19,29.9,39
2025,5,IQ Primaria,LA VEGA,40,35.3,58
2025,5,IQ Primaria,MAO,6,4.4,10
2025,5,IQ Primaria,MONTE CRISTI,5,4.3,7
2025,5,IQ Primaria,MONTE PLATA,4,22.0,18
2025,5,IQ Primaria,NAGUA,9,7.2,11
2025,5,IQ Primaria,PUERTO PLATA,8,11.3,16
2025,5,IQ Primaria,SAN CRISTOBAL,23,20.9,28
2025,5,IQ Primaria,SAN FRANCISCO DE MACORIS,43,110.1,103
2025,5,IQ Primaria,SAN JUAN DE LA MAGUANA,4,2.0,4
2025,5,IQ Primaria,SAN PEDRO DE MACORIS,20,21.5,24
2025,5,IQ Primaria,SANTIAGO,33,15.6,38
2025,5,IQ Primaria,SANTO DOMINGO,71,56.2,87
2025,5,IQ Primaria,Sin ubicación,151,201.9,225
2025,5,IQ Secundaria,AZUA,657,1044.6,1610
2025,5,IQ Secundaria,BAHORUCO,247,257.1,521
2025,5,IQ Secundaria,BARAHONA,471,506.8,877
2025,5,IQ Secundaria,COTUI,695,765.5,1412
2025,5,IQ Secundaria,HIGUEY,854,1470.0,1965
2025,5,IQ Secundaria,LA VEGA,1081,1770.7,2504
2025,5,IQ Secundaria,MAO,442,720.6,1080
2025,5,IQ Secundaria,MONTE CRISTI,543,950.3,1408
2025,5,IQ Secundaria,MONTE PLATA,232,268.3,455
2025,5,IQ Secundaria,NAGUA,472,658.6,1110
2025,5,IQ Secundaria,PUERTO PLATA,502,609.2,1210
2025,5,IQ Secundaria,SAN CRISTOBAL,598,830.3,1317
2025,5,IQ Secundaria,SAN FRANCISCO DE MACORIS,1006,1189.7,1927
2025,5,IQ Secundaria,SAN JUAN DE LA MAGUANA,512,708.2,1104
2025,5,IQ Secundaria,SAN PEDRO DE MACORIS,1100,1827.0,2455
2025,5,IQ Secundaria,SANTIAGO,3506,6362.3,8461
2025,5,IQ Secundaria,SANTO DOMINGO,4227,6783.9,9812
2025,5,IQ Secundaria,Sin ubicación,5794,6600.9,11795
2025,6,512,AZUA,2,0.8,2
2025,6,512,BAHORUCO,2,0.9,2
2025,6,512,BARAHONA,2,1.2,6
2025,6,512,COTUI,3,2.0,3
2025,6,512,LA VEGA,2,1.0,2
2025,6,512,MAO,2,1.0,3
2025,6,512,NAGUA,2,5.2,3
2025,6,512,PUERTO PLATA,2,1.8,2
2025,6,512,SAN CRISTOBAL,3,1.5,4
2025,6,512,SAN FRANCISCO DE MACORIS,1,0.7,1
2025,6,512,SAN PEDRO DE MACORIS,1,0.4,1
2025,6,512,SANTIAGO,2,1.0,2
2025,6,512,SANTO DOMINGO,8,13.0,12
2025,6,512,Sin ubicación,101,86.8,151
2025,6,IQ Primaria,AZUA,2,1.9,2
2025,6,IQ Primaria,BARAHONA,7,1.8,7
2025,6,IQ Primaria,COTUI,6,4.6,6
2025,6,IQ Primaria,HIGUEY,7,3.0,7
2025,6,IQ Primaria,LA VEGA,2,0.7,2
2025,6,IQ Primaria,MONTE CRISTI,3,1.2,3
2025,6,IQ Primaria,MONTE PLATA,3,3.7,5
2025,6,IQ Primaria,NAGUA,1,0.1,1
2025,6,IQ Primaria,PUERTO PLATA,1,2.2,2
2025,6,IQ Primaria,SAN CRISTOBAL,5,1.8,5
2025,6,IQ Primaria,SAN FRANCISCO DE MACORIS,8,7.3,12
2025,6,IQ Primaria,SAN JUAN DE LA MAGUANA,1,0.4,1
2025,6,IQ Primaria,SAN PEDRO DE MACORIS,10,6.6,11
2025,6,IQ Primaria,SANTIAGO,10,3.6,10
2025,6,IQ Primaria,SANTO DOMINGO,33,26.8,36
2025,6,IQ Primaria,Sin ubicación,21,28.1,37
2025,6,IQ Secundaria,AZUA,825,1255.9,2115
2025,6,IQ Secundaria,BAHORUCO,201,252.7,463
2025,6,IQ Secundaria,BARAHONA,424,576.8,1098
2025,6,IQ Secundaria,COTUI,695,957.4,1926
2025,6,IQ Secundaria,HIGUEY,872,1876.1,2714
2025,6,IQ Secundaria,LA VEGA,1302,2490.8,3807
2025,6,IQ Secundaria,MAO,241,376.3,631
2025,6,IQ Secundaria,MONTE CRISTI,351,539.1,955
2025,6,IQ Secundaria,MONTE PLATA,369,402.9,846
2025,6,IQ Secundaria,NAGUA,378,538.7,1045
2025,6,IQ Secundaria,PUERTO PLATA,610,852.9,1670
2025,6,IQ Secundaria,SAN CRISTOBAL,838,1269.0,2378
2025,6,IQ Secundaria,SAN FRANCISCO DE MACORIS,1045,1510.7,2550
2025,6,IQ Secundaria,SAN JUAN DE LA MAGUANA,517,1022.4,1589
2025,6,IQ Secundaria,SAN PEDRO DE MACORIS,1138,1842.4,2921
2025,6,IQ Secundaria,SANTIAGO,2380,4190.3,7059
2025,6,IQ Secundaria,SANTO DOMINGO,5904,10410.2,17167
2025,6,IQ Secundaria,Sin ubicación,7584,11573.5,20762
2025,7,512,AZUA,1,0.5,1
2025,7,512,BARAHONA,2,0.7,2
2025,7,512,COTUI,1,0.8,1
2025,7,512,LA VEGA,1,0.6,1
2025,7,512,MAO,1,3.4,4
2025,7,512,MONTE PLATA,1,0.5,1
2025,7,512,PUERTO PLATA,2,0.6,2
2025,7,512,SAN CRISTOBAL,2,2.0,2
2025,7,512,SAN FRANCISCO DE MACORIS,2,0.9,2
2025,7,512,SANTIAGO,2,0.5,2
2025,7,512,SANTO DOMINGO,6,19.2,13
2025,7,512,Sin ubicación,66,66.6,88
2025,7,IQ Primaria,AZUA,1,1.5,2
2025,7,IQ Primaria,BARAHONA,1,0.5,1
2025,7,IQ Primaria,HIGUEY,2,0.9,2
2025,7,IQ Primaria,MONTE PLATA,3,3.8,5
2025,7,IQ Primaria,PUERTO PLATA,2,1.2,3
2025,7,IQ Primaria,SAN CRISTOBAL,1,0.2,1
2025,7,IQ Primaria,SAN FRANCISCO DE MACORIS,1,2.4,3
2025,7,IQ Primaria,SANTIAGO,3,1.0,3
2025,7,IQ Primaria,SANTO DOMINGO,12,4.9,12
2025,7,IQ Primaria,Sin ubicación,14,55.6,52
2025,7,IQ Secundaria,AZUA,22,18.9,43
2025,7,IQ Secundaria,BAHORUCO,6,1.7,11
2025,7,IQ Secundaria,BARAHONA,15,10.0,36
2025,7,IQ Secundaria,COTUI,16,17.9,26
2025,7,IQ Secundaria,HIGUEY,24,18.9,37
2025,7,IQ Secundaria,LA VEGA,47,26.0,95
2025,7,IQ Secundaria,MAO,8,3.0,13
2025,7,IQ Secundaria,MONTE CRISTI,11,18.5,24
2025,7,IQ Secundaria,MONTE PLATA,7,7.3,18
2025,7,IQ Secundaria,NAGUA,12,6.8,21
2025,7,IQ Secundaria,PUERTO PLATA,14,59.2,71
2025,7,IQ Secundaria,SAN CRISTOBAL,26,23.4,49
2025,7,IQ Secundaria,SAN FRANCISCO DE MACORIS,53,55.5,115
2025,7,IQ Secundaria,SAN JUAN DE LA MAGUANA,25,17.0,49
2025,7,IQ Secundaria,SAN PEDRO DE MACORIS,52,38.5,105
2025,7,IQ Secundaria,SANTIAGO,90,79.9,173
2025,7,IQ Secundaria,SANTO DOMINGO,266,266.1,550
2025,7,IQ Secundaria,Sin ubicación,328,474.9,745
2025,8,512,BARAHONA,2,0.5,2
2025,8,512,LA VEGA,1,0.6,1
2025,8,512,MAO,3,2.2,5
2025,8,512,SAN CRISTOBAL,3,9.7,4
2025,8,512,SAN FRANCISCO DE MACORIS,1,0.4,1
2025,8,512,SAN PEDRO DE MACORIS,1,0.3,1
2025,8,512,SANTO DOMINGO,9,7.9,9
2025,8,512,Sin ubicación,43,31.1,49
2025,8,IQ Primaria,AZUA,7,4.0,7
2025,8,IQ Primaria,BAHORUCO,2,0.7,2
2025,8,IQ Primaria,BARAHONA,3,1.0,3
2025,8,IQ Primaria,COTUI,1,0.8,1
2025,8,IQ Primaria,MAO,9,3.4,10
2025,8,IQ Primaria,MONTE PLATA,3,15.3,9
2025,8,IQ Primaria,PUERTO PLATA,6,4.5,6
2025,8,IQ Primaria,SAN CRISTOBAL,1,0.7,1
2025,8,IQ Primaria,SAN FRANCISCO DE MACORIS,6,11.0,11
2025,8,IQ Primaria,SAN JUAN DE LA MAGUANA,1,0.5,1
2025,8,IQ Primaria,SAN PEDRO DE MACORIS,1,0.2,1
2025,8,IQ Primaria,SANTIAGO,11,8.2,18
2025,8,IQ Primaria,SANTO DOMINGO,13,9.2,14
2025,8,IQ Primaria,Sin ubicación,20,77.1,63
2025,8,IQ Secundaria,AZUA,22,16.9,34
2025,8,IQ Secundaria,BAHORUCO,6,2.0,7
2025,8,IQ Secundaria,BARAHONA,20,11.0,31
2025,8,IQ Secundaria,COTUI,18,22.0,34
2025,8,IQ Secundaria,HIGUEY,21,15.8,34
2025,8,IQ Secundaria,LA VEGA,42,29.4,73
2025,8,IQ Secundaria,MAO,21,13.0,30
2025,8,IQ Secundaria,MONTE CRISTI,12,10.0,20
2025,8,IQ Secundaria,MONTE PLATA,9,4.3,15
2025,8,IQ Secundaria,NAGUA,12,8.1,20
2025,8,IQ Secundaria,PUERTO PLATA,22,24.1,39
2025,8,IQ Secundaria,SAN CRISTOBAL,38,26.9,59
2025,8,IQ Secundaria,SAN FRANCISCO DE MACORIS,50,36.2,74
2025,8,IQ Secundaria,SAN JUAN DE LA MAGUANA,21,12.3,35
2025,8,IQ Secundaria,SAN PEDRO DE MACORIS,50,42.3,89
2025,8,IQ Secundaria,SANTIAGO,131,114.2,221
2025,8,IQ Secundaria,SANTO DOMINGO,266,237.9,478
2025,8,IQ Secundaria,Sin ubicación,389,372.8,737
2025,9,512,AZUA,2,0.7,2
2025,9,512,BARAHONA,1,1.7,4
2025,9,512,LA VEGA,3,3.9,3
2025,9,512,MAO,1,3.6,2
2025,9,512,SAN CRISTOBAL,3,2.9,3
2025,9,512,SAN FRANCISCO DE MACORIS,1,0.3,1
2025,9,512,SAN JUAN DE LA MAGUANA,1,1.2,1
2025,9,512,SANTIAGO,2,1.4,3
2025,9,512,SANTO DOMINGO,6,8.5,7
2025,9,512,Sin ubicación,38,34.7,51
2025,9,IQ Primaria,BARAHONA,1,0.3,1
2025,9,IQ Primaria,COTUI,1,1.6,1
2025,9,IQ Primaria,HIGUEY,5,2.7,5
2025,9,IQ Primaria,MAO,2,0.8,2
2025,9,IQ Primaria,MONTE CRISTI,1,0.9,1
2025,9,IQ Primaria,MONTE PLATA,1,1.5,3
2025,9,IQ Primaria,NAGUA,1,6.7,4
2025,9,IQ Primaria,PUERTO PLATA,3,8.1,10
2025,9,IQ Primaria,SAN CRISTOBAL,2,2.0,3
2025,9,IQ Primaria,SAN FRANCISCO DE MACORIS,5,2.9,5
2025,9,IQ Primaria,SAN PEDRO DE MACORIS,2,1.1,3
2025,9,IQ Primaria,SANTIAGO,3,6.5,7
2025,9,IQ Primaria,SANTO DOMINGO,15,16.3,27
2025,9,IQ Primaria,Sin ubicación,15,55.8,55
2025,9,IQ Secundaria,AZUA,9,5.6,14
2025,9,IQ Secundaria,BARAHONA,7,5.1,10
2025,9,IQ Secundaria,COTUI,27,8.7,35
2025,9,IQ Secundaria,HIGUEY,63,74.9,130
2025,9,IQ Secundaria,LA VEGA,128,103.1,178
2025,9,IQ Secundaria,MAO,1,0.5,1
2025,9,IQ Secundaria,MONTE CRISTI,19,13.9,29
2025,9,IQ Secundaria,MONTE PLATA,7,3.3,11
2025,9,IQ Secundaria,NAGUA,14,10.1,26
2025,9,IQ Secundaria,PUERTO PLATA,87,110.1,191
2025,9,IQ Secundaria,SAN CRISTOBAL,7,3.0,10
2025,9,IQ Secundaria,SAN FRANCISCO DE MACORIS,53,44.5,94
2025,9,IQ Secundaria,SAN JUAN DE LA MAGUANA,30,17.2,43
2025,9,IQ Secundaria,SAN PEDRO DE MACORIS,47,40.8,91
2025,9,IQ Secundaria,SANTIAGO,167,127.0,250
2025,9,IQ Secundaria,SANTO DOMINGO,446,293.8,700
2025,9,IQ Secundaria,Sin ubicación,278,194.7,457
2025,10,512,AZUA,1,0.7,1
2025,10,512,BAHORUCO,1,0.1,1
2025,10,512,BARAHONA,2,0.3,2
2025,10,512,LA VEGA,1,0.7,1
2025,10,512,MAO,1,0.7,1
2025,10,512,MONTE CRISTI,1,0.5,2
2025,10,512,SAN CRISTOBAL,1,0.4,2
2025,10,512,SAN FRANCISCO DE MACORIS,1,0.5,1
2025,10,512,SAN JUAN DE LA MAGUANA,1,1.0,2
2025,10,512,SAN PEDRO DE MACORIS,1,0.5,1
2025,10,512,SANTO DOMINGO,6,13.4,12
2025,10,512,Sin ubicación,37,34.6,45
2025,10,IQ Primaria,AZUA,2,0.6,2
2025,10,IQ Primaria,COTUI,7,5.7,8
2025,10,IQ Primaria,HIGUEY,1,0.6,1
2025,10,IQ Primaria,LA VEGA,4,3.8,5
2025,10,IQ Primaria,MAO,1,0.9,1
2025,10,IQ Primaria,MONTE CRISTI,1,0.2,1
2025,10,IQ Primaria,MONTE PLATA,1,0.5,1
2025,10,IQ Primaria,NAGUA,2,1.3,4
2025,10,IQ Primaria,PUERTO PLATA,3,14.5,16
2025,10,IQ Primaria,SAN CRISTOBAL,2,3.6,6
2025,10,IQ Primaria,SAN FRANCISCO DE MACORIS,3,0.8,3
2025,10,IQ Primaria,SAN PEDRO DE MACORIS,1,2.5,1
2025,10,IQ Primaria,SANTIAGO,5,2.4,5
2025,10,IQ Primaria,SANTO DOMINGO,13,7.2,17
2025,10,IQ Primaria,Sin ubicación,13,32.4,37
2025,10,IQ Secundaria,AZUA,77,131.1,170
2025,10,IQ Secundaria,BARAHONA,1,0.4,1
2025,10,IQ Secundaria,COTUI,4,2.3,7
2025,10,IQ Secundaria,HIGUEY,32,22.7,41
2025,10,IQ Secundaria,LA VEGA,151,178.3,248
2025,10,IQ Secundaria,MAO,3,1.2,4
2025,10,IQ Secundaria,MONTE CRISTI,176,193.4,333
2025,10,IQ Secundaria,MONTE PLATA,1,0.3,2
2025,10,IQ Secundaria,NAGUA,12,6.4,21
2025,10,IQ Secundaria,PUERTO PLATA,5,7.0,14
2025,10,IQ Secundaria,SAN CRISTOBAL,127,95.8,169
2025,10,IQ Secundaria,SAN FRANCISCO DE MACORIS,30,25.4,44
2025,10,IQ Secundaria,SAN JUAN DE LA MAGUANA,35,14.3,41
2025,10,IQ Secundaria,SAN PEDRO DE MACORIS,90,109.5,300
2025,10,IQ Secundaria,SANTIAGO,59,72.4,104
2025,10,IQ Secundaria,SANTO DOMINGO,148,101.2,262
2025,10,IQ Secundaria,Sin ubicación,172,103.4,239
2025,11,512,AZUA,1,0.7,1
2025,11,512,COTUI,1,0.4,1
2025,11,512,HIGUEY,1,0.3,1
2025,11,512,MAO,2,2.8,2
2025,11,512,MONTE CRISTI,1,0.3,1
2025,11,512,MONTE PLATA,1,0.5,1
2025,11,512,NAGUA,1,0.8,1
2025,11,512,SAN JUAN DE LA MAGUANA,1,0.0,1
2025,11,512,SANTIAGO,1,0.4,1
2025,11,512,SANTO DOMINGO,8,8.3,13
2025,11,512,Sin ubicación,42,29.1,54
2025,11,IQ Primaria,AZUA,2,0.9,2
2025,11,IQ Primaria,COTUI,3,2.6,4
2025,11,IQ Primaria,HIGUEY,1,1.0,1
2025,11,IQ Primaria,LA VEGA,1,0.5,1
2025,11,IQ Primaria,MONTE CRISTI,1,0.8,1
2025,11,IQ Primaria,NAGUA,1,4.4,7
2025,11,IQ Primaria,PUERTO PLATA,4,6.9,13
2025,11,IQ Primaria,SAN CRISTOBAL,3,6.3,9
2025,11,IQ Primaria,SAN FRANCISCO DE MACORIS,1,0.0,1
2025,11,IQ Primaria,SANTIAGO,2,4.5,5
2025,11,IQ Primaria,SANTO DOMINGO,35,36.2,52
2025,11,IQ Primaria,Sin ubicación,7,26.3,17
2025,11,IQ Secundaria,AZUA,54,63.7,115
2025,11,IQ Secundaria,BAHORUCO,4,2.6,9
2025,11,IQ Secundaria,BARAHONA,2,2.4,4
2025,11,IQ Secundaria,COTUI,9,4.3,10
2025,11,IQ Secundaria,HIGUEY,45,31.2,70
2025,11,IQ Secundaria,LA VEGA,36,22.8,89
2025,11,IQ Secundaria,MAO,14,6.9,16
2025,11,IQ Secundaria,MONTE CRISTI,24,8.8,30
2025,11,IQ Secundaria,NAGUA,24,11.4,24
2025,11,IQ Secundaria,PUERTO PLATA,5,2.0,6
2025,11,IQ Secundaria,SAN CRISTOBAL,9,3.5,11
2025,11,IQ Secundaria,SAN FRANCISCO DE MACORIS,157,100.3,213
2025,11,IQ Secundaria,SAN JUAN DE LA MAGUANA,28,9.2,35
2025,11,IQ Secundaria,SAN PEDRO DE MACORIS,69,41.5,93
2025,11,IQ Secundaria,SANTIAGO,30,22.0,41
2025,11,IQ Secundaria,SANTO DOMINGO,265,167.9,426
2025,11,IQ Secundaria,Sin ubicación,152,99.6,236
2025,12,512,AZUA,1,0.3,1
2025,12,512,COTUI,1,0.1,2
2025,12,512,LA VEGA,2,1.0,2
2025,12,512,SANTO DOMINGO,5,2.1,5
2025,12,512,Sin ubicación,19,11.7,24
2025,12,IQ Primaria,NAGUA,1,0.9,1
2025,12,IQ Primaria,PUERTO PLATA,3,2.7,5
2025,12,IQ Primaria,SAN CRISTOBAL,2,4.4,4
2025,12,IQ Primaria,SAN FRANCISCO DE MACORIS,1,0.5,1
2025,12,IQ Primaria,SANTIAGO,2,0.8,2
2025,12,IQ Primaria,SANTO DOMINGO,9,7.3,11
2025,12,IQ Primaria,Sin ubicación,5,13.4,18
2025,12,IQ Secundaria,AZUA,22,18.6,30
2025,12,IQ Secundaria,BAHORUCO,3,1.3,4
2025,12,IQ Secundaria,COTUI,3,1.2,3
2025,12,IQ Secundaria,HIGUEY,6,4.1,7
2025,12,IQ Secundaria,LA VEGA,6,3.0,15
2025,12,IQ Secundaria,MAO,27,12.7,28
2025,12,IQ Secundaria,MONTE CRISTI,5,1.7,5
2025,12,IQ Secundaria,NAGUA,3,2.1,3
2025,12,IQ Secundaria,SAN CRISTOBAL,5,2.6,10
2025,12,IQ Secundaria,SAN FRANCISCO DE MACORIS,153,85.0,173
2025,12,IQ Secundaria,SAN JUAN DE LA MAGUANA,1,0.1,1
2025,12,IQ Secundaria,SAN PEDRO DE MACORIS,15,6.0,17
2025,12,IQ Secundaria,SANTIAGO,139,115.3,191
2025,12,IQ Secundaria,SANTO DOMINGO,132,135.1,249
2025,12,IQ Secundaria,Sin ubicación,75,43.5,115
2026,1,512,BARAHONA,1,0.4,1
2026,1,512,LA VEGA,2,8.0,7
2026,1,512,MAO,2,0.8,2
2026,1,512,MONTE PLATA,1,0.1,1
2026,1,512,NAGUA,1,0.0,1
2026,1,512,SAN CRISTOBAL,1,0.3,1
2026,1,512,SANTO DOMINGO,2,0.4,2
2026,1,512,Sin ubicación,22,14.3,32
2026,1,IQ Primaria,AZUA,4,4.3,4
2026,1,IQ Primaria,BARAHONA,1,0.2,1
2026,1,IQ Primaria,COTUI,2,0.7,2
2026,1,IQ Primaria,HIGUEY,1,0.0,1
2026,1,IQ Primaria,LA VEGA,9,9.7,17
2026,1,IQ Primaria,MAO,1,1.0,1
2026,1,IQ Primaria,MONTE CRISTI,2,1.0,2
2026,1,IQ Primaria,MONTE PLATA,1,0.3,1
2026,1,IQ Primaria,NAGUA,1,3.1,2
2026,1,IQ Primaria,PUERTO PLATA,2,4.8,8
2026,1,IQ Primaria,SAN CRISTOBAL,1,1.1,4
2026,1,IQ Primaria,SAN FRANCISCO DE MACORIS,3,1.6,5
2026,1,IQ Primaria,SANTIAGO,4,6.4,7
2026,1,IQ Primaria,SANTO DOMINGO,21,18.7,25
2026,1,IQ Primaria,Sin ubicación,15,29.4,36
2026,1,IQ Secundaria,AZUA,56,29.9,86
2026,1,IQ Secundaria,BAHORUCO,3,2.2,5
2026,1,IQ Secundaria,BARAHONA,4,1.2,6
2026,1,IQ Secundaria,COTUI,28,18.4,63
2026,1,IQ Secundaria,HIGUEY,93,71.6,182
2026,1,IQ Secundaria,LA VEGA,23,16.5,44
2026,1,IQ Secundaria,MAO,1,0.6,1
2026,1,IQ Secundaria,MONTE CRISTI,118,96.0,161
2026,1,IQ Secundaria,MONTE PLATA,9,4.0,12
2026,1,IQ Secundaria,NAGUA,31,13.6,47
2026,1,IQ Secundaria,PUERTO PLATA,4,3.0,10
2026,1,IQ Secundaria,SAN CRISTOBAL,91,29.1,117
2026,1,IQ Secundaria,SAN FRANCISCO DE MACORIS,93,84.6,207
2026,1,IQ Secundaria,SAN JUAN DE LA MAGUANA,158,107.1,305
2026,1,IQ Secundaria,SAN PEDRO DE MACORIS,72,76.8,153
2026,1,IQ Secundaria,SANTIAGO,257,136.5,320
2026,1,IQ Secundaria,SANTO DOMINGO,468,330.4,706
2026,1,IQ Secundaria,Sin ubicación,340,275.0,547
2026,2,512,LA VEGA,1,1.8,3
2026,2,512,MAO,1,0.7,1
2026,2,512,SAN FRANCISCO DE MACORIS,1,0.2,1
2026,2,512,SANTO DOMINGO,3,1.1,3
2026,2,512,Sin ubicación,19,12.6,21
2026,2,IQ Primaria,AZUA,1,1.6,1
2026,2,IQ Primaria,COTUI,2,1.2,2
2026,2,IQ Primaria,LA VEGA,6,7.9,10
2026,2,IQ Primaria,MONTE CRISTI,6,8.4,12
2026,2,IQ Primaria,MONTE PLATA,1,0.5,1
2026,2,IQ Primaria,NAGUA,1,1.4,2
2026,2,IQ Primaria,PUERTO PLATA,4,2.0,5
2026,2,IQ Primaria,SAN CRISTOBAL,2,4.5,6
2026,2,IQ Primaria,SAN FRANCISCO DE MACORIS,3,1.6,3
2026,2,IQ Primaria,SAN JUAN DE LA MAGUANA,2,0.5,2
2026,2,IQ Primaria,SANTIAGO,3,1.7,3
2026,2,IQ Primaria,SANTO DOMINGO,15,13.5,23
2026,2,IQ Primaria,Sin ubicación,8,36.6,31
2026,2,IQ Secundaria,AZUA,94,77.8,138
2026,2,IQ Secundaria,BAHORUCO,127,62.1,137
2026,2,IQ Secundaria,BARAHONA,39,21.0,72
2026,2,IQ Secundaria,COTUI,54,22.6,56
2026,2,IQ Secundaria,HIGUEY,141,84.0,209
2026,2,IQ Secundaria,LA VEGA,26,18.5,42
2026,2,IQ Secundaria,MAO,8,10.4,16
2026,2,IQ Secundaria,MONTE CRISTI,272,382.4,563
2026,2,IQ Secundaria,MONTE PLATA,27,30.2,66
2026,2,IQ Secundaria,NAGUA,43,32.6,62
2026,2,IQ Secundaria,PUERTO PLATA,27,21.3,44
2026,2,IQ Secundaria,SAN CRISTOBAL,109,70.0,152
2026,2,IQ Secundaria,SAN FRANCISCO DE MACORIS,167,129.7,251
2026,2,IQ Secundaria,SAN JUAN DE LA MAGUANA,284,758.4,711
2026,2,IQ Secundaria,SAN PEDRO DE MACORIS,248,1319.7,1439
2026,2,IQ Secundaria,SANTIAGO,641,667.4,1070
2026,2,IQ Secundaria,SANTO DOMINGO,585,734.9,1213
2026,2,IQ Secundaria,Sin ubicación,535,339.9,813
2026,3,512,AZUA,1,0.6,1
2026,3,512,BAHORUCO,1,10.5,9
2026,3,512,BARAHONA,1,0.9,2
2026,3,512,COTUI,2,2.4,2
2026,3,512,LA VEGA,1,0.9,1
2026,3,512,SAN CRISTOBAL,1,0.5,1
2026,3,512,SAN JUAN DE LA MAGUANA,1,0.3,1
2026,3,512,SANTIAGO,3,1.2,3
2026,3,512,SANTO DOMINGO,4,1.8,4
2026,3,512,Sin ubicación,32,18.6,36
2026,3,IQ Primaria,COTUI,2,1.4,2
2026,3,IQ Primaria,HIGUEY,2,1.1,2
2026,3,IQ Primaria,LA VEGA,5,2.7,5
2026,3,IQ Primaria,MAO,2,0.8,2
2026,3,IQ Primaria,MONTE CRISTI,1,3.6,3
2026,3,IQ Primaria,NAGUA,2,2.0,4
2026,3,IQ Primaria,PUERTO PLATA,4,2.4,5
2026,3,IQ Primaria,SAN CRISTOBAL,2,3.1,4
2026,3,IQ Primaria,SAN FRANCISCO DE MACORIS,2,1.2,3
2026,3,IQ Primaria,SAN PEDRO DE MACORIS,1,0.8,1
2026,3,IQ Primaria,SANTIAGO,6,13.8,15
2026,3,IQ Primaria,SANTO DOMINGO,14,10.2,15
2026,3,IQ Primaria,Sin ubicación,10,28.6,35
2026,3,IQ Secundaria,AZUA,43,24.8,72
2026,3,IQ Secundaria,BAHORUCO,50,33.0,66
2026,3,IQ Secundaria,BARAHONA,104,74.4,139
2026,3,IQ Secundaria,COTUI,64,54.1,125
2026,3,IQ Secundaria,HIGUEY,156,111.8,264
2026,3,IQ Secundaria,LA VEGA,186,151.0,300
2026,3,IQ Secundaria,MAO,13,8.9,17
2026,3,IQ Secundaria,MONTE CRISTI,202,432.0,585
2026,3,IQ Secundaria,MONTE PLATA,27,23.5,44
2026,3,IQ Secundaria,NAGUA,29,19.2,42
2026,3,IQ Secundaria,PUERTO PLATA,10,15.0,34
2026,3,IQ Secundaria,SAN CRISTOBAL,165,113.0,232
2026,3,IQ Secundaria,SAN FRANCISCO DE MACORIS,272,272.9,420
2026,3,IQ Secundaria,SAN JUAN DE LA MAGUANA,57,31.4,90
2026,3,IQ Secundaria,SAN PEDRO DE MACORIS,142,249.9,512
2026,3,IQ Secundaria,SANTIAGO,892,1094.2,1831
2026,3,IQ Secundaria,SANTO DOMINGO,745,781.6,1345
2026,3,IQ Secundaria,Sin ubicación,661,470.1,1132
2026,4,512,AZUA,2,1.6,2
2026,4,512,BAHORUCO,2,2.8,5
2026,4,512,BARAHONA,2,0.6,2
2026,4,512,COTUI,1,0.4,1
2026,4,512,HIGUEY,1,0.5,1
2026,4,512,LA VEGA,2,4.4,6
2026,4,512,MAO,1,0.0,1
2026,4,512,SAN JUAN DE LA MAGUANA,3,2.2,3
2026,4,512,SANTIAGO,1,0.3,1
2026,4,512,SANTO DOMINGO,12,25.6,27
2026,4,512,Sin ubicación,45,34.3,60
2026,4,IQ Primaria,AZUA,2,0.5,2
2026,4,IQ Primaria,BARAHONA,1,0.2,1
2026,4,IQ Primaria,COTUI,3,1.4,3
2026,4,IQ Primaria,HIGUEY,1,1.1,1
2026,4,IQ Primaria,LA VEGA,7,5.0,8
2026,4,IQ Primaria,MONTE CRISTI,1,3.3,3
2026,4,IQ Primaria,NAGUA,1,1.6,3
2026,4,IQ Primaria,PUERTO PLATA,2,7.4,4
2026,4,IQ Primaria,SAN CRISTOBAL,2,1.6,4
2026,4,IQ Primaria,SAN FRANCISCO DE MACORIS,2,1.4,2
2026,4,IQ Primaria,SAN JUAN DE LA MAGUANA,2,1.5,2
2026,4,IQ Primaria,SANTIAGO,6,3.5,7
2026,4,IQ Primaria,SANTO DOMINGO,24,11.0,24
2026,4,IQ Primaria,Sin ubicación,20,21.6,43
2026,4,IQ Secundaria,AZUA,135,118.1,264
2026,4,IQ Secundaria,BAHORUCO,179,171.2,256
2026,4,IQ Secundaria,BARAHONA,69,62.0,143
2026,4,IQ Secundaria,COTUI,204,136.0,356
2026,4,IQ Secundaria,HIGUEY,278,183.6,484
2026,4,IQ Secundaria,LA VEGA,479,455.0,833
2026,4,IQ Secundaria,MAO,24,16.4,50
2026,4,IQ Secundaria,MONTE CRISTI,352,666.6,854
2026,4,IQ Secundaria,MONTE PLATA,116,82.4,181
2026,4,IQ Secundaria,NAGUA,108,73.0,167
2026,4,IQ Secundaria,PUERTO PLATA,88,52.2,131
2026,4,IQ Secundaria,SAN CRISTOBAL,329,268.1,577
2026,4,IQ Secundaria,SAN FRANCISCO DE MACORIS,123,93.4,224
2026,4,IQ Secundaria,SAN JUAN DE LA MAGUANA,257,741.4,643
2026,4,IQ Secundaria,SAN PEDRO DE MACORIS,440,545.2,1045
2026,4,IQ Secundaria,SANTIAGO,1104,1307.2,2212
2026,4,IQ Secundaria,SANTO DOMINGO,1863,1948.9,3538
2026,4,IQ Secundaria,Sin ubicación,1565,1174.3,3112
2026,5,512,AZUA,28,93.0,95
2026,5,512,BAHORUCO,21,51.2,73
2026,5,512,BARAHONA,82,324.1,359
2026,5,512,COTUI,30,158.8,159
2026,5,512,HIGUEY,2,15.4,11
2026,5,512,LA VEGA,19,113.6,104
2026,5,512,MAO,1,1.6,2
2026,5,512,MONTE CRISTI,2,5.0,5
2026,5,512,MONTE PLATA,1,0.2,1
2026,5,512,NAGUA,22,101.1,95
2026,5,512,PUERTO PLATA,7,13.0,21
2026,5,512,SAN CRISTOBAL,16,36.4,51
2026,5,512,SAN FRANCISCO DE MACORIS,3,10.9,13
2026,5,512,SAN JUAN DE LA MAGUANA,27,131.0,126
2026,5,512,SAN PEDRO DE MACORIS,36,124.6,144
2026,5,512,SANTIAGO,9,30.9,37
2026,5,512,SANTO DOMINGO,54,204.1,197
2026,5,512,Sin ubicación,214,542.3,670
2026,5,IQ Primaria,AZUA,6,3.4,6
2026,5,IQ Primaria,BAHORUCO,2,2.4,2
2026,5,IQ Primaria,COTUI,6,3.4,6
2026,5,IQ Primaria,HIGUEY,3,3.9,4
2026,5,IQ Primaria,LA VEGA,3,1.7,4
2026,5,IQ Primaria,MAO,1,0.8,1
2026,5,IQ Primaria,MONTE CRISTI,4,15.9,12
2026,5,IQ Primaria,MONTE PLATA,3,1.2,3
2026,5,IQ Primaria,NAGUA,4,2.9,5
2026,5,IQ Primaria,PUERTO PLATA,2,10.6,8
2026,5,IQ Primaria,SAN CRISTOBAL,6,9.1,14
2026,5,IQ Primaria,SAN FRANCISCO DE MACORIS,8,5.1,9
2026,5,IQ Primaria,SAN JUAN DE LA MAGUANA,2,0.7,3
2026,5,IQ Primaria,SAN PEDRO DE MACORIS,6,4.5,6
2026,5,IQ Primaria,SANTIAGO,6,1.8,6
2026,5,IQ Primaria,SANTO DOMINGO,57,38.2,67
2026,5,IQ Primaria,Sin ubicación,26,25.8,52
2026,5,IQ Secundaria,AZUA,860,1442.8,2109
2026,5,IQ Secundaria,BAHORUCO,336,283.6,527
2026,5,IQ Secundaria,BARAHONA,418,443.5,803
2026,5,IQ Secundaria,COTUI,767,699.1,1418
2026,5,IQ Secundaria,HIGUEY,1206,2175.5,3039
2026,5,IQ Secundaria,LA VEGA,1162,1120.1,2144
2026,5,IQ Secundaria,MAO,378,297.4,637
2026,5,IQ Secundaria,MONTE CRISTI,442,685.0,1029
2026,5,IQ Secundaria,MONTE PLATA,223,189.7,433
2026,5,IQ Secundaria,NAGUA,392,308.8,640
2026,5,IQ Secundaria,PUERTO PLATA,689,752.8,1318
2026,5,IQ Secundaria,SAN CRISTOBAL,1302,1341.5,2257
2026,5,IQ Secundaria,SAN FRANCISCO DE MACORIS,623,590.4,1135
2026,5,IQ Secundaria,SAN JUAN DE LA MAGUANA,622,564.5,1075
2026,5,IQ Secundaria,SAN PEDRO DE MACORIS,1216,1294.4,2235
2026,5,IQ Secundaria,SANTIAGO,3374,4116.3,6692
2026,5,IQ Secundaria,SANTO DOMINGO,7906,9497.2,14726
2026,5,IQ Secundaria,Sin ubicación,5965,5301.7,11041
2026,6,512,AZUA,18,61.9,57
2026,6,512,BAHORUCO,9,25.1,30
2026,6,512,BARAHONA,57,178.8,167
2026,6,512,COTUI,20,112.9,76
2026,6,512,LA VEGA,8,28.9,26
2026,6,512,MAO,2,2.6,5
2026,6,512,MONTE CRISTI,1,3.7,4
2026,6,512,NAGUA,15,23.1,26
2026,6,512,PUERTO PLATA,4,3.9,7
2026,6,512,SAN CRISTOBAL,5,22.4,18
2026,6,512,SAN FRANCISCO DE MACORIS,2,1.2,3
2026,6,512,SAN JUAN DE LA MAGUANA,22,109.7,87
2026,6,512,SAN PEDRO DE MACORIS,24,78.7,76
2026,6,512,SANTIAGO,5,5.2,11
2026,6,512,SANTO DOMINGO,33,105.2,90
2026,6,512,Sin ubicación,92,192.6,191
2026,6,IQ Primaria,AZUA,4,1.6,4
2026,6,IQ Primaria,BAHORUCO,2,1.1,2
2026,6,IQ Primaria,BARAHONA,3,1.9,3
2026,6,IQ Primaria,COTUI,1,0.4,1
2026,6,IQ Primaria,HIGUEY,3,1.3,3
2026,6,IQ Primaria,LA VEGA,1,0.6,1
2026,6,IQ Primaria,MAO,2,0.6,2
2026,6,IQ Primaria,MONTE CRISTI,2,0.3,2
2026,6,IQ Primaria,MONTE PLATA,2,0.4,2
2026,6,IQ Primaria,NAGUA,2,0.8,2
2026,6,IQ Primaria,PUERTO PLATA,16,12.7,20
2026,6,IQ Primaria,SAN CRISTOBAL,10,5.1,12
2026,6,IQ Primaria,SAN FRANCISCO DE MACORIS,3,1.3,3
2026,6,IQ Primaria,SAN JUAN DE LA MAGUANA,2,1.8,2
2026,6,IQ Primaria,SAN PEDRO DE MACORIS,4,3.3,4
2026,6,IQ Primaria,SANTIAGO,4,2.2,4
2026,6,IQ Primaria,SANTO DOMINGO,37,18.9,40
2026,6,IQ Primaria,Sin ubicación,15,77.5,57
2026,6,IQ Secundaria,AZUA,1044,1463.4,2335
2026,6,IQ Secundaria,BAHORUCO,329,322.0,575
2026,6,IQ Secundaria,BARAHONA,559,671.1,1170
2026,6,IQ Secundaria,COTUI,600,642.6,1177
2026,6,IQ Secundaria,HIGUEY,1028,1489.0,2357
2026,6,IQ Secundaria,LA VEGA,1631,2083.6,3488
2026,6,IQ Secundaria,MAO,468,613.8,1070
2026,6,IQ Secundaria,MONTE CRISTI,472,658.1,983
2026,6,IQ Secundaria,MONTE PLATA,404,448.2,777
2026,6,IQ Secundaria,NAGUA,414,422.7,791
2026,6,IQ Secundaria,PUERTO PLATA,614,703.6,1342
2026,6,IQ Secundaria,SAN CRISTOBAL,1616,2071.3,3139
2026,6,IQ Secundaria,SAN FRANCISCO DE MACORIS,744,909.9,1631
2026,6,IQ Secundaria,SAN JUAN DE LA MAGUANA,510,625.4,1071
2026,6,IQ Secundaria,SAN PEDRO DE MACORIS,1673,2217.3,3516
2026,6,IQ Secundaria,SANTIAGO,3053,4293.0,6650
2026,6,IQ Secundaria,SANTO DOMINGO,9780,14067.6,20525
2026,6,IQ Secundaria,Sin ubicación,8154,9842.5,17635
2026,7,512,BAHORUCO,2,1.1,2
2026,7,512,BARAHONA,6,3.1,6
2026,7,512,COTUI,1,0.2,1
2026,7,512,HIGUEY,1,0.4,1
2026,7,512,LA VEGA,1,0.9,1
2026,7,512,SAN JUAN DE LA MAGUANA,1,0.3,1
2026,7,512,SAN PEDRO DE MACORIS,2,1.0,2
2026,7,512,SANTO DOMINGO,4,1.8,4
2026,7,512,Sin ubicación,13,11.4,18
2026,7,IQ Primaria,BAHORUCO,1,0.0,1
2026,7,IQ Primaria,LA VEGA,1,0.1,1
2026,7,IQ Primaria,MONTE CRISTI,1,0.1,1
2026,7,IQ Primaria,MONTE PLATA,1,0.1,1
2026,7,IQ Primaria,NAGUA,2,1.4,3
2026,7,IQ Primaria,PUERTO PLATA,1,0.1,1
2026,7,IQ Primaria,SAN CRISTOBAL,2,0.1,2
2026,7,IQ Primaria,SAN FRANCISCO DE MACORIS,1,0.1,1
2026,7,IQ Primaria,SAN JUAN DE LA MAGUANA,1,0.0,1
2026,7,IQ Primaria,SANTO DOMINGO,2,0.1,2
2026,7,IQ Primaria,Sin ubicación,3,5.5,24
2026,7,IQ Secundaria,AZUA,24,3.9,45
2026,7,IQ Secundaria,BAHORUCO,5,0.4,7
2026,7,IQ Secundaria,BARAHONA,15,15.4,32
2026,7,IQ Secundaria,COTUI,17,4.1,35
2026,7,IQ Secundaria,HIGUEY,25,10.3,63
2026,7,IQ Secundaria,LA VEGA,28,10.6,66
2026,7,IQ Secundaria,MAO,8,8.1,20
2026,7,IQ Secundaria,MONTE CRISTI,8,4.8,16
2026,7,IQ Secundaria,MONTE PLATA,4,2.6,9
2026,7,IQ Secundaria,NAGUA,6,1.8,13
2026,7,IQ Secundaria,PUERTO PLATA,13,2.9,19
2026,7,IQ Secundaria,SAN CRISTOBAL,25,12.3,39
2026,7,IQ Secundaria,SAN FRANCISCO DE MACORIS,16,10.1,22
2026,7,IQ Secundaria,SAN JUAN DE LA MAGUANA,13,11.0,25
2026,7,IQ Secundaria,SAN PEDRO DE MACORIS,21,11.0,46
2026,7,IQ Secundaria,SANTIAGO,59,23.1,97
2026,7,IQ Secundaria,SANTO DOMINGO,212,156.2,494
2026,7,IQ Secundaria,Sin ubicación,263,102.7,509
2026,8,512,AZUA,1,0.5,1
2026,8,512,BAHORUCO,1,0.5,1
2026,8,512,COTUI,1,0.4,1
2026,8,512,LA VEGA,1,0.7,1
2026,8,512,SAN PEDRO DE MACORIS,1,0.7,1
2026,8,512,SANTIAGO,1,0.2,1
2026,8,512,SANTO DOMINGO,4,2.7,5
2026,8,512,Sin ubicación,20,12.9,28
2026,8,IQ Primaria,BARAHONA,1,0.0,1
2026,8,IQ Primaria,HIGUEY,2,0.1,2
2026,8,IQ Primaria,MONTE PLATA,2,0.6,3
2026,8,IQ Primaria,NAGUA,1,0.1,1
2026,8,IQ Primaria,PUERTO PLATA,3,0.3,3
2026,8,IQ Primaria,SAN CRISTOBAL,1,0.0,1
2026,8,IQ Primaria,SAN FRANCISCO DE MACORIS,1,0.1,1
2026,8,IQ Primaria,SAN PEDRO DE MACORIS,1,0.2,1
2026,8,IQ Primaria,SANTO DOMINGO,11,1.0,11
2026,8,IQ Primaria,Sin ubicación,12,10.7,42
2026,8,IQ Secundaria,AZUA,26,25.6,52
2026,8,IQ Secundaria,BAHORUCO,1,0.0,1
2026,8,IQ Secundaria,BARAHONA,10,5.8,18
2026,8,IQ Secundaria,COTUI,5,2.5,7
2026,8,IQ Secundaria,HIGUEY,29,6.1,42
2026,8,IQ Secundaria,LA VEGA,54,28.0,93
2026,8,IQ Secundaria,MAO,10,4.0,16
2026,8,IQ Secundaria,MONTE CRISTI,8,8.4,16
2026,8,IQ Secundaria,MONTE PLATA,4,0.3,6
2026,8,IQ Secundaria,NAGUA,5,0.8,8
2026,8,IQ Secundaria,PUERTO PLATA,13,5.2,23
2026,8,IQ Secundaria,SAN CRISTOBAL,30,9.2,44
2026,8,IQ Secundaria,SAN FRANCISCO DE MACORIS,12,3.1,14
2026,8,IQ Secundaria,SAN JUAN DE LA MAGUANA,12,6.2,18
2026,8,IQ Secundaria,SAN PEDRO DE MACORIS,35,16.4,60
2026,8,IQ Secundaria,SANTIAGO,75,64.4,153
2026,8,IQ Secundaria,SANTO DOMINGO,211,145.2,435
2026,8,IQ Secundaria,Sin ubicación,240,84.5,445
2026,9,512,BARAHONA,2,0.8,2
2026,9,512,LA VEGA,2,1.9,2
2026,9,512,SAN CRISTOBAL,1,2.8,1
2026,9,512,SAN FRANCISCO DE MACORIS,1,0.5,1
2026,9,512,SAN JUAN DE LA MAGUANA,1,3.2,2
2026,9,512,SAN PEDRO DE MACORIS,3,5.1,4
2026,9,512,SANTO DOMINGO,5,1.5,5
2026,9,512,Sin ubicación,30,21.4,37
2026,9,IQ Primaria,BARAHONA,2,0.2,2
2026,9,IQ Primaria,HIGUEY,2,0.5,2
2026,9,IQ Primaria,LA VEGA,2,0.2,2
2026,9,IQ Primaria,MONTE CRISTI,2,0.2,2
2026,9,IQ Primaria,MONTE PLATA,1,0.7,2
2026,9,IQ Primaria,NAGUA,1,1.1,5
2026,9,IQ Primaria,PUERTO PLATA,1,0.1,1
2026,9,IQ Primaria,SAN CRISTOBAL,3,1.9,12
2026,9,IQ Primaria,SANTIAGO,3,0.4,3
2026,9,IQ Primaria,SANTO DOMINGO,7,1.0,11
2026,9,IQ Primaria,Sin ubicación,5,8.0,24
2026,9,IQ Secundaria,AZUA,16,3.9,26
2026,9,IQ Secundaria,BARAHONA,1,0.8,4
2026,9,IQ Secundaria,COTUI,7,0.5,8
2026,9,IQ Secundaria,HIGUEY,27,10.3,41
2026,9,IQ Secundaria,LA VEGA,17,2.0,19
2026,9,IQ Secundaria,MAO,2,0.4,2
2026,9,IQ Secundaria,MONTE CRISTI,35,38.4,46
2026,9,IQ Secundaria,MONTE PLATA,10,3.7,20
2026,9,IQ Secundaria,NAGUA,3,0.1,5
2026,9,IQ Secundaria,PUERTO PLATA,6,1.1,8
2026,9,IQ Secundaria,SAN CRISTOBAL,114,97.9,185
2026,9,IQ Secundaria,SAN FRANCISCO DE MACORIS,14,2.5,18
2026,9,IQ Secundaria,SAN JUAN DE LA MAGUANA,12,1.7,19
2026,9,IQ Secundaria,SAN PEDRO DE MACORIS,148,58.4,286
2026,9,IQ Secundaria,SANTIAGO,56,23.1,89
2026,9,IQ Secundaria,SANTO DOMINGO,163,63.8,294
2026,9,IQ Secundaria,Sin ubicación,182,41.0,291
