Anio,Mes,Alliance,roles_string,usuarios_activos,horas_totales,registros
2021,2,IQ Primaria,Admin,1,0.0,1
2021,2,IQ Primaria,Docente,1,0.0,1
2021,2,IQ Primaria,Estudiante,1,0.5,10
2021,2,IQ Primaria,,2,0.0,2
2021,3,IQ Primaria,Estudiante,1,0.4,9
2021,4,IQ Primaria,Estudiante,1,0.4,6
2021,5,IQ Primaria,Estudiante,6,1.6,29
2021,5,IQ Primaria,,1,0.6,7
2021,6,IQ Primaria,Admin,1,0.1,2
2021,6,IQ Primaria,Estudiante,9,1.5,31
2021,6,IQ Primaria,,1,0.4,7
2021,7,IQ Primaria,Estudiante,6,0.5,14
2021,7,IQ Primaria,,1,0.2,3
2021,8,IQ Primaria,Admin,1,0.0,1
2021,8,IQ Primaria,Estudiante,6,0.6,19
2021,8,IQ Primaria,,1,0.1,4
2021,9,IQ Primaria,Admin,1,0.0,1
2021,9,IQ Primaria,Estudiante,18,4.6,81
2021,9,IQ Primaria,,1,1.5,20
2021,10,IQ Primaria,Admin,1,0.0,2
2021,10,IQ Primaria,Docente,1,0.0,1
2021,10,IQ Primaria,Estudiante,13,1.9,46
2021,10,IQ Primaria,,1,0.9,18
2021,11,IQ Primaria,Admin,1,0.1,4
2021,11,IQ Primaria,Docente,21,0.7,28
2021,11,IQ Primaria,Estudiante,36,4.7,106
2021,11,IQ Primaria,Parent,11,0.3,13
2021,11,IQ Primaria,,1,1.1,15
2021,12,IQ Primaria,Admin,1,0.0,2
2021,12,IQ Primaria,Docente,5,0.4,10
2021,12,IQ Primaria,Estudiante,18,1.4,37
2021,12,IQ Primaria,Parent,5,0.4,11
2021,12,IQ Primaria,,1,0.5,12
2022,1,IQ Primaria,Docente,7,0.6,13
2022,1,IQ Primaria,Estudiante,18,2.0,54
2022,1,IQ Primaria,Parent,3,0.4,9
2022,1,IQ Primaria,,1,0.6,13
2022,2,IQ Primaria,Admin,1,0.0,1
2022,2,IQ Primaria,Docente,11,29.1,19
2022,2,IQ Primaria,Estudiante,42,235.7,97
2022,2,IQ Primaria,Parent,4,7.3,7
2022,2,IQ Primaria,,2,178.5,19
2022,3,IQ Primaria,Admin,1,0.0,2
2022,3,IQ Primaria,Docente,27,188.5,46
2022,3,IQ Primaria,Estudiante,83,696.0,167
2022,3,IQ Primaria,,1,73.2,16
2022,4,IQ Primaria,Admin,1,0.0,2
2022,4,IQ Primaria,Docente,93,683.0,160
2022,4,IQ Primaria,Estudiante,179,984.6,319
2022,4,IQ Primaria,Parent,3,7.2,4
2022,4,IQ Primaria,,2,141.5,20
2022,5,IQ Primaria,Admin,1,0.0,1
2022,5,IQ Primaria,Docente,115,919.4,216
2022,5,IQ Primaria,Estudiante,457,2818.8,1023
2022,5,IQ Primaria,Parent,2,5.8,3
2022,5,IQ Primaria,,2,252.6,19
2022,6,IQ Primaria,Admin,1,0.0,2
2022,6,IQ Primaria,Docente,46,192.5,72
2022,6,IQ Primaria,Estudiante,175,1054.1,348
2022,6,IQ Primaria,Parent,1,0.2,2
2022,6,IQ Primaria,,1,240.6,19
2022,7,IQ Primaria,Admin,1,3.0,4
2022,7,IQ Primaria,Docente,28,94.8,48
2022,7,IQ Primaria,Estudiante,112,291.5,172
2022,7,IQ Primaria,Parent,1,0.0,1
2022,7,IQ Primaria,,1,121.6,15
2022,8,IQ Primaria,Admin,1,0.1,4
2022,8,IQ Primaria,Docente,9,56.7,17
2022,8,IQ Primaria,Estudiante,52,231.6,104
2022,8,IQ Primaria,Parent,1,1.9,3
2022,8,IQ Primaria,,1,109.5,16
2022,8,IQ Secundaria,Admin,1,1.6,1
2022,8,IQ Secundaria,Editor,1,376.9,10
2022,8,IQ Secundaria,Estudiante,2,13.8,5
2022,9,512,Admin,1,0.2,1
2022,9,IQ Primaria,Admin,1,1.4,4
2022,9,IQ Primaria,Docente,27,48.1,33
2022,9,IQ Primaria,Estudiante,50,313.8,109
2022,9,IQ Primaria,,1,225.1,19
2022,9,IQ Secundaria,Admin,1,0.8,7
2022,9,IQ Secundaria,Docente,11,29.9,15
2022,9,IQ Secundaria,Editor,1,405.5,23
2022,9,IQ Secundaria,Estudiante,137,497.6,223
2022,9,IQ Secundaria,Invitado,9,55.5,12
2022,10,512,Admin,3,10.8,6
2022,10,512,Editor,1,461.2,18
2022,10,512,Estudiante,19391,63100.8,19420
2022,10,512,,1,0.8,1
2022,10,IQ Primaria,Admin,1,64.2,12
2022,10,IQ Primaria,Docente,24,157.4,38
2022,10,IQ Primaria,Estudiante,88,493.8,196
2022,10,IQ Primaria,Parent,1,5.4,1
2022,10,IQ Primaria,,1,424.5,21
2022,10,IQ Secundaria,Admin,1,15.7,9
2022,10,IQ Secundaria,Docente,52,393.7,95
2022,10,IQ Secundaria,Editor,1,346.9,16
2022,10,IQ Secundaria,Estudiante,355,3025.1,712
2022,10,IQ Secundaria,Invitado,17,130.3,23
2022,11,512,Editor,1,44.7,7
2022,11,512,Estudiante,16,94.4,20
2022,11,IQ Primaria,Admin,1,45.5,7
2022,11,IQ Primaria,Docente,42,254.6,65
2022,11,IQ Primaria,Estudiante,36,251.4,95
2022,11,IQ Primaria,Parent,3,6.8,4
2022,11,IQ Primaria,,1,211.6,17
2022,11,IQ Secundaria,Admin,1,57.4,5
2022,11,IQ Secundaria,Docente,49,472.1,93
2022,11,IQ Secundaria,Editor,1,182.7,15
2022,11,IQ Secundaria,Estudiante,296,1608.4,431
2022,11,IQ Secundaria,Invitado,22,156.7,38
2022,12,512,Admin,2,7.9,2
2022,12,512,Editor,1,145.8,13
2022,12,512,Estudiante,363,1230.2,367
2022,12,IQ Primaria,Admin,1,0.1,1
2022,12,IQ Primaria,Docente,10,68.7,21
2022,12,IQ Primaria,Estudiante,27,109.3,61
2022,12,IQ Primaria,Parent,1,0.6,1
2022,12,IQ Primaria,,1,374.0,17
2022,12,IQ Secundaria,Admin,1,1.7,1
2022,12,IQ Secundaria,Docente,30,173.9,45
2022,12,IQ Secundaria,Editor,1,58.4,6
2022,12,IQ Secundaria,Estudiante,173,543.9,235
2022,12,IQ Secundaria,Invitado,11,31.5,15
2023,1,512,Admin,1,74.9,5
2023,1,512,Editor,1,162.6,14
2023,1,512,Estudiante,2646,196546.5,14774
2023,1,IQ Primaria,Admin,1,1.0,2
2023,1,IQ Primaria,Docente,20,107.8,30
2023,1,IQ Primaria,Estudiante,80,338.1,119
2023,1,IQ Primaria,Parent,1,0.0,1
2023,1,IQ Primaria,,1,659.6,22
2023,1,IQ Secundaria,Admin,1,0.0,1
2023,1,IQ Secundaria,Docente,68,308.3,105
2023,1,IQ Secundaria,Editor,1,42.8,5
2023,1,IQ Secundaria,Estudiante,576,2225.5,862
2023,1,IQ Secundaria,Invitado,6,80.5,20
2023,2,512,Admin,2,74.8,6
2023,2,512,Editor,1,203.7,17
2023,2,512,Estudiante,2630,205130.2,22113
2023,2,512,,1,4.4,1
2023,2,IQ Primaria,Admin,1,0.4,1
2023,2,IQ Primaria,Docente,44,281.6,74
2023,2,IQ Primaria,Estudiante,124,395.2,177
2023,2,IQ Primaria,Parent,2,9.1,3
2023,2,IQ Primaria,,1,279.0,16
2023,2,IQ Secundaria,Admin,1,0.0,1
2023,2,IQ Secundaria,Docente,112,588.8,169
2023,2,IQ Secundaria,Editor,1,26.6,3
2023,2,IQ Secundaria,Estudiante,1173,4355.0,1745
2023,2,IQ Secundaria,Invitado,7,80.8,21
2023,3,512,Admin,3,25.1,5
2023,3,512,Editor,1,207.6,15
2023,3,512,Estudiante,2750,212297.2,22711
2023,3,IQ Primaria,Admin,2,0.6,2
2023,3,IQ Primaria,Docente,198,868.0,268
2023,3,IQ Primaria,Estudiante,323,705.3,422
2023,3,IQ Primaria,,1,302.8,19
2023,3,IQ Secundaria,Admin,1,7.5,2
2023,3,IQ Secundaria,Docente,567,1712.2,738
2023,3,IQ Secundaria,Editor,1,327.7,15
2023,3,IQ Secundaria,Estudiante,3412,9963.3,4404
2023,3,IQ Secundaria,Invitado,89,292.0,117
2023,4,512,Admin,1,22.9,4
2023,4,512,Editor,1,286.2,13
2023,4,512,Estudiante,2817,170106.7,18844
2023,4,IQ Primaria,Admin,1,16.7,4
2023,4,IQ Primaria,Docente,501,2084.0,717
2023,4,IQ Primaria,Estudiante,855,3135.5,1416
2023,4,IQ Primaria,Parent,1,0.1,1
2023,4,IQ Primaria,,1,227.8,16
2023,4,IQ Secundaria,Admin,1,0.1,2
2023,4,IQ Secundaria,Docente,600,3475.2,1027
2023,4,IQ Secundaria,Editor,1,144.9,11
2023,4,IQ Secundaria,Estudiante,6078,25832.8,9553
2023,4,IQ Secundaria,Invitado,203,733.2,268
2023,5,512,Admin,2,33.5,6
2023,5,512,Editor,1,186.7,15
2023,5,512,Estudiante,2844,158313.9,19748
2023,5,IQ Primaria,Admin,1,26.4,4
2023,5,IQ Primaria,Docente,673,3251.8,1020
2023,5,IQ Primaria,Estudiante,2215,8549.1,3635
2023,5,IQ Primaria,Parent,5,5.6,9
2023,5,IQ Primaria,,1,491.6,20
2023,5,IQ Secundaria,Admin,1,42.5,6
2023,5,IQ Secundaria,Docente,2844,19804.1,5784
2023,5,IQ Secundaria,Editor,1,318.9,12
2023,5,IQ Secundaria,Estudiante,22923,123342.8,41334
2023,5,IQ Secundaria,Invitado,654,3090.9,985
2023,6,512,Admin,1,6.7,2
2023,6,512,Editor,1,18.8,8
2023,6,512,Estudiante,2359,76620.9,9761
2023,6,IQ Primaria,Admin,1,1.0,2
2023,6,IQ Primaria,Docente,69,164.8,81
2023,6,IQ Primaria,Estudiante,713,1118.5,770
2023,6,IQ Primaria,Parent,1,0.0,2
2023,6,IQ Primaria,,1,185.8,11
2023,6,IQ Secundaria,Admin,1,20.6,6
2023,6,IQ Secundaria,Docente,763,4219.1,1314
2023,6,IQ Secundaria,Editor,1,191.5,12
2023,6,IQ Secundaria,Estudiante,24805,213337.9,62598
2023,6,IQ Secundaria,Invitado,1036,7467.7,2082
2023,7,512,Admin,2,34.9,5
2023,7,512,Editor,1,96.9,13
2023,7,512,Estudiante,2889,156571.6,19520
2023,7,IQ Primaria,Admin,1,7.1,1
2023,7,IQ Primaria,Docente,55,439.7,93
2023,7,IQ Primaria,Estudiante,74,122.3,93
2023,7,IQ Primaria,Parent,1,10.6,3
2023,7,IQ Primaria,,1,274.1,17
2023,7,IQ Secundaria,Admin,1,19.8,2
2023,7,IQ Secundaria,Docente,109,196.4,159
2023,7,IQ Secundaria,Editor,1,278.2,17
2023,7,IQ Secundaria,Estudiante,1455,4606.6,2923
2023,7,IQ Secundaria,Invitado,154,787.8,323
2023,8,512,Admin,2,44.1,7
2023,8,512,Editor,1,11.0,7
2023,8,512,Estudiante,2502,54496.1,8763
2023,8,IQ Primaria,Admin,1,2.4,3
2023,8,IQ Primaria,Docente,107,745.2,168
2023,8,IQ Primaria,Estudiante,105,345.6,148
2023,8,IQ Primaria,Parent,2,0.9,2
2023,8,IQ Primaria,,1,234.9,22
2023,8,IQ Secundaria,Admin,1,16.8,4
2023,8,IQ Secundaria,Docente,255,677.9,354
2023,8,IQ Secundaria,Editor,1,96.5,13
2023,8,IQ Secundaria,Estudiante,1522,6618.0,3122
2023,8,IQ Secundaria,Invitado,137,776.6,280
2023,9,512,Admin,2,51.1,13
2023,9,512,Docente,1,0.7,1
2023,9,512,Editor,1,32.6,6
2023,9,512,Estudiante,1036,9853.4,2140
2023,9,IQ Primaria,Admin,1,9.5,6
2023,9,IQ Primaria,Docente,212,1459.2,329
2023,9,IQ Primaria,Estudiante,608,1078.3,745
2023,9,IQ Primaria,Parent,5,2.3,5
2023,9,IQ Primaria,,1,333.8,21
2023,9,IQ Secundaria,Admin,1,29.5,6
2023,9,IQ Secundaria,Docente,356,1805.5,579
2023,9,IQ Secundaria,Editor,1,89.6,16
2023,9,IQ Secundaria,Estudiante,2249,7868.3,4064
2023,9,IQ Secundaria,Invitado,77,290.0,122
2023,10,512,Admin,2,10.8,2
2023,10,512,Aliado de la Alianza,1,5.8,2
2023,10,512,Docente,2,16.0,2
2023,10,512,Estudiante,405,2131.4,667
2023,10,IQ Primaria,Admin,1,12.4,3
2023,10,IQ Primaria,Docente,3802,41007.7,9098
2023,10,IQ Primaria,Estudiante,36504,212655.4,63597
2023,10,IQ Primaria,Parent,19,22.4,24
2023,10,IQ Primaria,,1,93.3,11
2023,10,IQ Secundaria,Admin,1,24.9,2
2023,10,IQ Secundaria,Docente,3377,33323.4,8292
2023,10,IQ Secundaria,Editor,1,134.3,11
2023,10,IQ Secundaria,Estudiante,43033,287869.9,89965
2023,10,IQ Secundaria,Invitado,504,1909.2,770
2023,11,512,Admin,2,1.8,3
2023,11,512,Editor,1,1.0,2
2023,11,512,Estudiante,306,398.7,453
2023,11,IQ Primaria,Admin,1,1.3,4
2023,11,IQ Primaria,Docente,1331,6631.9,2915
2023,11,IQ Primaria,Estudiante,13963,50431.9,22160
2023,11,IQ Primaria,Parent,21,35.3,25
2023,11,IQ Primaria,,1,114.2,16
2023,11,IQ Secundaria,Admin,1,6.9,4
2023,11,IQ Secundaria,Docente,1361,6038.6,3145
2023,11,IQ Secundaria,Editor,1,47.8,10
2023,11,IQ Secundaria,Estudiante,19403,64914.8,38378
2023,11,IQ Secundaria,Invitado,241,629.9,354
2023,12,512,Admin,2,1.6,2
2023,12,512,Editor,1,2.4,2
2023,12,512,Estudiante,176,103.4,246
2023,12,IQ Primaria,Admin,1,1.2,5
2023,12,IQ Primaria,Docente,255,352.4,415
2023,12,IQ Primaria,Estudiante,756,738.8,1008
2023,12,IQ Primaria,Parent,1,0.8,1
2023,12,IQ Primaria,,1,17.2,11
2023,12,IQ Secundaria,Admin,1,0.9,5
2023,12,IQ Secundaria,Docente,224,336.0,402
2023,12,IQ Secundaria,Editor,1,2.6,5
2023,12,IQ Secundaria,Estudiante,2124,2548.2,3841
2023,12,IQ Secundaria,Invitado,60,43.0,76
2024,1,512,Admin,1,0.4,1
2024,1,512,Editor,1,0.2,1
2024,1,512,Estudiante,234,157.9,309
2024,1,IQ Primaria,Docente,254,328.7,416
2024,1,IQ Primaria,Estudiante,450,273.8,535
2024,1,IQ Primaria,,1,9.6,12
2024,1,IQ Secundaria,Admin,1,0.0,2
2024,1,IQ Secundaria,Docente,295,341.6,494
2024,1,IQ Secundaria,Editor,1,14.9,8
2024,1,IQ Secundaria,Estudiante,2188,2210.1,4464
2024,1,IQ Secundaria,Invitado,72,73.6,119
2024,2,512,Editor,1,1.5,2
2024,2,512,Estudiante,235,168.1,321
2024,2,IQ Primaria,Admin,1,0.5,4
2024,2,IQ Primaria,Docente,223,232.2,387
2024,2,IQ Primaria,Estudiante,906,872.1,1497
2024,2,IQ Primaria,Parent,3,0.9,4
2024,2,IQ Primaria,,1,15.9,15
2024,2,IQ Secundaria,Admin,1,0.8,3
2024,2,IQ Secundaria,Docente,300,307.6,509
2024,2,IQ Secundaria,Editor,1,55.6,20
2024,2,IQ Secundaria,Estudiante,2840,2790.7,5665
2024,2,IQ Secundaria,Invitado,91,116.2,193
2024,3,512,Admin,1,0.4,4
2024,3,512,Editor,1,4.3,3
2024,3,512,Estudiante,302,303.7,480
2024,3,IQ Primaria,Admin,2,0.1,3
2024,3,IQ Primaria,Docente,324,525.3,600
2024,3,IQ Primaria,Estudiante,2705,4073.1,4569
2024,3,IQ Primaria,Parent,4,1.3,5
2024,3,IQ Primaria,,1,11.4,12
2024,3,IQ Secundaria,Admin,1,1.9,6
2024,3,IQ Secundaria,Docente,415,615.6,781
2024,3,IQ Secundaria,Editor,1,72.4,19
2024,3,IQ Secundaria,Estudiante,5009,6858.7,10152
2024,3,IQ Secundaria,Invitado,202,215.8,344
2024,4,512,Admin,1,0.0,1
2024,4,512,Editor,1,2.2,2
2024,4,512,Estudiante,372,386.5,614
2024,4,IQ Primaria,Coordinador,1,0.0,1
2024,4,IQ Primaria,Docente,576,907.9,1075
2024,4,IQ Primaria,Estudiante,5345,7985.4,9003
2024,4,IQ Primaria,Parent,2,0.9,3
2024,4,IQ Primaria,,1,5.7,5
2024,4,IQ Secundaria,Docente,900,1310.4,1757
2024,4,IQ Secundaria,Editor,1,71.9,22
2024,4,IQ Secundaria,Estudiante,10872,15563.1,23789
2024,4,IQ Secundaria,Invitado,387,376.2,616
2024,5,512,Admin,1,1.0,1
2024,5,512,Coordinador,1,1.5,2
2024,5,512,Editor,1,39.6,7
2024,5,512,Estudiante,348,426.6,573
2024,5,IQ Primaria,Admin,1,0.5,2
2024,5,IQ Primaria,Docente,364,311.9,488
2024,5,IQ Primaria,Estudiante,1369,1108.1,1740
2024,5,IQ Primaria,,1,11.9,7
2024,5,IQ Secundaria,Admin,1,1.7,2
2024,5,IQ Secundaria,Docente,3356,6042.0,7634
2024,5,IQ Secundaria,Editor,1,53.4,18
2024,5,IQ Secundaria,Estudiante,33096,49792.2,85538
2024,5,IQ Secundaria,Invitado,934,1122.3,1736
2024,6,512,Admin,1,0.3,1
2024,6,512,Coordinador,1,0.0,1
2024,6,512,Editor,1,19.5,9
2024,6,512,Estudiante,692,810.8,1168
2024,6,IQ Primaria,Admin,1,0.3,1
2024,6,IQ Primaria,Coordinador,1,0.0,1
2024,6,IQ Primaria,Docente,108,79.8,141
2024,6,IQ Primaria,Estudiante,553,357.8,630
2024,6,IQ Primaria,Parent,4,1.2,4
2024,6,IQ Primaria,,1,4.9,8
2024,6,IQ Secundaria,Admin,2,1.1,5
2024,6,IQ Secundaria,Docente,1120,1828.3,2294
2024,6,IQ Secundaria,Editor,1,27.9,12
2024,6,IQ Secundaria,Estudiante,25868,58441.5,77883
2024,6,IQ Secundaria,Invitado,1157,2133.0,2418
2024,7,512,Coordinador,1,7.1,5
2024,7,512,Editor,1,15.7,9
2024,7,512,Estudiante,1912,4540.1,5079
2024,7,IQ Primaria,Admin,1,0.0,2
2024,7,IQ Primaria,Docente,23,44.3,38
2024,7,IQ Primaria,Estudiante,68,54.9,92
2024,7,IQ Primaria,,1,11.9,12
2024,7,IQ Secundaria,Admin,2,2.5,8
2024,7,IQ Secundaria,Docente,89,68.1,142
2024,7,IQ Secundaria,Editor,1,36.2,12
2024,7,IQ Secundaria,Estudiante,1052,1140.7,2329
2024,7,IQ Secundaria,Invitado,137,209.8,278
2024,8,512,Coordinador,1,2.2,4
2024,8,512,Docente,1,0.6,1
2024,8,512,Editor,1,9.2,7
2024,8,512,Estudiante,1167,4042.3,3474
2024,8,IQ Primaria,Coordinador,1,0.0,1
2024,8,IQ Primaria,Docente,59,61.0,82
2024,8,IQ Primaria,Estudiante,84,71.5,118
2024,8,IQ Primaria,,1,7.2,7
2024,8,IQ Secundaria,Admin,1,0.0,1
2024,8,IQ Secundaria,Docente,339,277.0,466
2024,8,IQ Secundaria,Editor,1,37.5,13
2024,8,IQ Secundaria,Estudiante,1141,1938.6,2630
2024,8,IQ Secundaria,Invitado,142,132.3,215
2024,9,512,Coordinador,1,10.9,6
2024,9,512,Editor,1,12.8,7
2024,9,512,Estudiante,1650,7556.3,6249
2024,9,IQ Primaria,Docente,107,137.1,176
2024,9,IQ Primaria,Estudiante,68,54.7,92
2024,9,IQ Primaria,,1,4.7,8
2024,9,IQ Secundaria,Admin,2,0.9,2
2024,9,IQ Secundaria,Docente,189,170.6,286
2024,9,IQ Secundaria,Editor,1,4.3,3
2024,9,IQ Secundaria,Estudiante,656,658.7,1244
2024,9,IQ Secundaria,Invitado,87,115.0,140
2024,10,512,Admin,2,0.8,2
2024,10,512,Coordinador,1,21.1,9
2024,10,512,Editor,1,11.0,6
2024,10,512,Estudiante,1785,6647.9,5859
2024,10,IQ Primaria,Docente,99,155.1,201
2024,10,IQ Primaria,Estudiante,56,68.9,91
2024,10,IQ Primaria,,1,0.7,2
2024,10,IQ Secundaria,Admin,1,0.6,2
2024,10,IQ Secundaria,Docente,166,189.4,262
2024,10,IQ Secundaria,Editor,1,0.1,3
2024,10,IQ Secundaria,Estudiante,895,1062.5,1714
2024,10,IQ Secundaria,Invitado,68,66.5,95
2024,11,512,Admin,1,0.9,1
2024,11,512,Coordinador,1,31.0,12
2024,11,512,Editor,1,14.4,10
2024,11,512,Estudiante,1469,7587.0,5372
2024,11,IQ Primaria,Docente,65,114.8,129
2024,11,IQ Primaria,Estudiante,60,52.4,82
2024,11,IQ Primaria,,1,7.4,7
2024,11,IQ Secundaria,Admin,1,0.9,1
2024,11,IQ Secundaria,Docente,139,133.3,223
2024,11,IQ Secundaria,Editor,1,11.5,7
2024,11,IQ Secundaria,Estudiante,1021,927.9,1792
2024,11,IQ Secundaria,Invitado,60,51.6,85
2024,12,512,Coordinador,1,15.5,9
2024,12,512,Estudiante,1317,4606.7,3623
2024,12,IQ Primaria,Docente,15,20.7,24
2024,12,IQ Primaria,Estudiante,32,27.0,38
2024,12,IQ Primaria,,1,17.5,9
2024,12,IQ Secundaria,Docente,61,38.9,83
2024,12,IQ Secundaria,Editor,1,19.4,9
2024,12,IQ Secundaria,Estudiante,342,278.5,583
2024,12,IQ Secundaria,Invitado,22,14.2,28
2025,1,512,Aliado de la Alianza,1,8.9,5
2025,1,512,Coordinador,1,7.0,8
2025,1,512,Estudiante,346,609.3,657
2025,1,IQ Primaria,Docente,89,124.9,155
2025,1,IQ Primaria,Estudiante,55,45.5,76
2025,1,IQ Primaria,Parent,1,0.0,1
2025,1,IQ Primaria,,1,3.8,4
2025,1,IQ Secundaria,Docente,272,315.8,493
2025,1,IQ Secundaria,Editor,1,2.7,3
2025,1,IQ Secundaria,Estudiante,1724,2085.0,3580
2025,1,IQ Secundaria,Invitado,120,97.3,177
2025,2,512,Aliado de la Alianza,1,3.8,4
2025,2,512,Coordinador,1,3.3,6
2025,2,512,Editor,1,0.6,1
2025,2,512,Estudiante,198,243.3,309
2025,2,IQ Primaria,Coordinador,1,1.4,3
2025,2,IQ Primaria,Docente,60,111.5,123
2025,2,IQ Primaria,Estudiante,80,63.8,102
2025,2,IQ Primaria,Parent,1,0.1,1
2025,2,IQ Primaria,,1,5.7,4
2025,2,IQ Secundaria,Admin,1,1.2,4
2025,2,IQ Secundaria,Docente,261,328.9,481
2025,2,IQ Secundaria,Estudiante,2394,2472.9,4660
2025,2,IQ Secundaria,Invitado,69,74.2,108
2025,3,512,Coordinador,1,3.7,4
2025,3,512,Editor,1,0.9,3
2025,3,512,Estudiante,401,306.3,648
2025,3,IQ Primaria,Docente,133,152.9,194
2025,3,IQ Primaria,Estudiante,201,117.2,227
2025,3,IQ Primaria,Parent,2,1.1,2
2025,3,IQ Primaria,,1,4.3,5
2025,3,IQ Secundaria,Admin,2,0.9,3
2025,3,IQ Secundaria,Docente,416,535.2,744
2025,3,IQ Secundaria,Editor,1,5.4,6
2025,3,IQ Secundaria,Estudiante,3868,5354.1,8296
2025,3,IQ Secundaria,Invitado,121,138.2,211
2025,4,512,Aliado de la Alianza,1,0.6,2
2025,4,512,Coordinador,1,0.0,1
2025,4,512,Editor,1,4.3,2
2025,4,512,Estudiante,303,177.9,434
2025,4,IQ Primaria,Docente,195,197.9,278
2025,4,IQ Primaria,Estudiante,255,189.0,320
2025,4,IQ Primaria,,1,6.4,11
2025,4,IQ Secundaria,Docente,854,1099.7,1510
2025,4,IQ Secundaria,Editor,1,62.6,16
2025,4,IQ Secundaria,Estudiante,6624,8441.2,12808
2025,4,IQ Secundaria,Invitado,146,168.9,218
2025,5,512,Aliado de la Alianza,1,0.4,1
2025,5,512,Estudiante,214,191.4,321
2025,5,IQ Primaria,Docente,131,166.6,195
2025,5,IQ Primaria,Estudiante,364,422.0,528
2025,5,IQ Primaria,,1,10.9,10
2025,5,IQ Secundaria,Docente,1397,2292.1,2844
2025,5,IQ Secundaria,Editor,1,107.0,24
2025,5,IQ Secundaria,Estudiante,21068,30308.4,47303
2025,5,IQ Secundaria,Invitado,464,603.5,837
2025,5,IQ Secundaria,,9,12.7,15
2025,6,512,Estudiante,133,117.2,194
2025,6,IQ Primaria,Docente,24,18.6,27
2025,6,IQ Primaria,Estudiante,95,70.0,115
2025,6,IQ Primaria,,1,5.3,5
2025,6,IQ Secundaria,Admin,1,0.4,1
2025,6,IQ Secundaria,Docente,1034,1602.9,2092
2025,6,IQ Secundaria,Editor,1,62.5,18
2025,6,IQ Secundaria,Estudiante,23871,39024.2,67808
2025,6,IQ Secundaria,Invitado,753,1231.0,1756
2025,6,IQ Secundaria,,14,17.0,21
2025,7,512,Coordinador,1,0.2,1
2025,7,512,Estudiante,86,96.2,118
2025,7,IQ Primaria,Coordinador,1,0.3,1
2025,7,IQ Primaria,Docente,14,24.8,26
2025,7,IQ Primaria,Estudiante,24,16.9,35
2025,7,IQ Primaria,,1,29.8,22
2025,7,IQ Secundaria,Docente,74,63.2,110
2025,7,IQ Secundaria,Editor,1,22.9,13
2025,7,IQ Secundaria,Estudiante,851,878.0,1839
2025,7,IQ Secundaria,Invitado,95,178.7,217
2025,7,IQ Secundaria,,1,0.6,2
2025,8,512,Estudiante,63,52.6,72
2025,8,IQ Primaria,Coordinador,1,0.6,2
2025,8,IQ Primaria,Docente,44,46.3,71
2025,8,IQ Primaria,Estudiante,37,46.8,56
2025,8,IQ Primaria,Parent,1,0.4,1
2025,8,IQ Primaria,,1,42.4,17
2025,8,IQ Secundaria,Docente,209,119.8,266
2025,8,IQ Secundaria,Editor,1,5.8,5
2025,8,IQ Secundaria,Estudiante,824,726.6,1535
2025,8,IQ Secundaria,Invitado,115,147.0,223
2025,8,IQ Secundaria,,1,0.1,1
2025,9,512,Editor,1,5.1,2
2025,9,512,Estudiante,57,53.6,75
2025,9,IQ Primaria,Coordinador,1,0.8,2
2025,9,IQ Primaria,Docente,38,78.3,90
2025,9,IQ Primaria,Estudiante,16,9.4,20
2025,9,IQ Primaria,Parent,1,0.3,1
2025,9,IQ Primaria,,1,18.1,14
2025,9,IQ Secundaria,Docente,120,113.2,202
2025,9,IQ Secundaria,Editor,1,7.4,6
2025,9,IQ Secundaria,Estudiante,1215,891.3,1977
2025,9,IQ Secundaria,Invitado,54,44.6,85
2025,10,512,Editor,1,1.1,1
2025,10,512,Estudiante,53,52.2,70
2025,10,IQ Primaria,Docente,42,59.7,80
2025,10,IQ Primaria,Estudiante,16,8.1,19
2025,10,IQ Primaria,,1,9.5,9
2025,10,IQ Secundaria,Docente,87,128.6,174
2025,10,IQ Secundaria,Editor,1,20.4,12
2025,10,IQ Secundaria,Estudiante,1008,895.6,1778
2025,10,IQ Secundaria,Invitado,27,20.4,36
2025,11,512,Editor,1,0.1,1
2025,11,512,Estudiante,59,43.6,76
2025,11,IQ Primaria,Docente,27,39.5,58
2025,11,IQ Primaria,Estudiante,33,33.8,47
2025,11,IQ Primaria,,1,17.0,8
2025,11,IQ Secundaria,Docente,56,44.4,91
2025,11,IQ Secundaria,Editor,1,7.5,6
2025,11,IQ Secundaria,Estudiante,843,532.7,1293
2025,11,IQ Secundaria,Invitado,27,15.6,38
2025,12,512,Estudiante,28,15.3,34
2025,12,IQ Primaria,Docente,18,22.1,32
2025,12,IQ Primaria,Estudiante,4,1.2,4
2025,12,IQ Primaria,,1,6.7,6
2025,12,IQ Secundaria,Docente,35,36.8,62
2025,12,IQ Secundaria,Editor,1,1.4,3
2025,12,IQ Secundaria,Estudiante,542,386.3,762
2025,12,IQ Secundaria,Invitado,17,7.8,24
2026,1,512,Editor,1,0.4,1
2026,1,512,Estudiante,31,23.9,46
2026,1,IQ Primaria,Docente,36,51.5,71
2026,1,IQ Primaria,Estudiante,31,21.9,34
2026,1,IQ Primaria,,1,9.0,11
2026,1,IQ Secundaria,Docente,108,100.2,204
2026,1,IQ Secundaria,Editor,1,0.3,1
2026,1,IQ Secundaria,Estudiante,1692,1085.0,2673
2026,1,IQ Secundaria,Invitado,48,111.0,94
2026,2,512,Editor,1,1.4,1
2026,2,512,Estudiante,24,15.0,28
2026,2,IQ Primaria,Docente,39,61.1,72
2026,2,IQ Primaria,Estudiante,13,12.0,21
2026,2,IQ Primaria,Parent,1,0.8,1
2026,2,IQ Primaria,,1,7.5,7
2026,2,IQ Secundaria,Docente,238,314.0,425
2026,2,IQ Secundaria,Editor,1,4.2,2
2026,2,IQ Secundaria,Estudiante,3119,4417.0,6529
2026,2,IQ Secundaria,Invitado,69,48.0,98
2026,3,512,Estudiante,47,37.7,60
2026,3,IQ Primaria,Coordinador,1,0.5,1
2026,3,IQ Primaria,Docente,33,52.3,64
2026,3,IQ Primaria,Estudiante,18,10.0,20
2026,3,IQ Primaria,,1,9.0,11
2026,3,IQ Secundaria,Admin,1,0.4,1
2026,3,IQ Secundaria,Docente,335,380.1,585
2026,3,IQ Secundaria,Editor,1,15.6,6
2026,3,IQ Secundaria,Estudiante,3412,3503.7,6539
2026,3,IQ Secundaria,Invitado,69,61.1,119
2026,4,512,Coordinador,1,0.2,1
2026,4,512,Editor,1,0.7,1
2026,4,512,Estudiante,70,71.8,107
2026,4,IQ Primaria,Docente,41,43.5,67
2026,4,IQ Primaria,Estudiante,32,14.6,33
2026,4,IQ Primaria,,1,2.7,7
2026,4,IQ Secundaria,Docente,552,652.5,997
2026,4,IQ Secundaria,Editor,1,17.9,8
2026,4,IQ Secundaria,Estudiante,7042,7327.8,13893
2026,4,IQ Secundaria,Invitado,117,96.1,171
2026,4,IQ Secundaria,,1,0.8,1
2026,5,512,Coordinador,1,0.8,3
2026,5,512,Editor,1,2.2,4
2026,5,512,Estudiante,572,1954.3,2156
2026,5,IQ Primaria,Docente,70,78.4,114
2026,5,IQ Primaria,Estudiante,74,47.9,86
2026,5,IQ Primaria,,1,4.8,8
2026,5,IQ Secundaria,Admin,1,0.2,2
2026,5,IQ Secundaria,Docente,1680,2193.9,2954
2026,5,IQ Secundaria,Editor,1,31.4,11
2026,5,IQ Secundaria,Estudiante,25774,28497.0,49664
2026,5,IQ Secundaria,Invitado,416,376.0,617
2026,5,IQ Secundaria,,9,5.6,10
2026,6,512,Editor,1,0.7,2
2026,6,512,Estudiante,316,955.3,872
2026,6,IQ Primaria,Docente,31,77.6,62
2026,6,IQ Primaria,Estudiante,80,39.6,85
2026,6,IQ Primaria,Parent,1,5.8,8
2026,6,IQ Primaria,,1,9.0,9
2026,6,IQ Secundaria,Admin,1,0.9,1
2026,6,IQ Secundaria,Docente,1022,1240.3,1764
2026,6,IQ Secundaria,Editor,1,17.8,9
2026,6,IQ Secundaria,Estudiante,31242,41352.7,67140
2026,6,IQ Secundaria,Invitado,818,926.8,1306
2026,6,IQ Secundaria,,9,6.5,12
2026,7,512,Estudiante,31,20.3,36
2026,7,IQ Primaria,Docente,11,5.1,28
2026,7,IQ Primaria,Estudiante,4,1.6,5
2026,7,IQ Primaria,,1,1.0,5
2026,7,IQ Secundaria,Docente,33,5.4,45
2026,7,IQ Secundaria,Editor,1,1.9,7
2026,7,IQ Secundaria,Estudiante,626,351.2,1324
2026,7,IQ Secundaria,Invitado,102,32.7,181
2026,8,512,Coordinador,1,0.4,1
2026,8,512,Estudiante,29,18.4,38
2026,8,IQ Primaria,Docente,12,5.3,29
2026,8,IQ Primaria,Estudiante,22,3.8,27
2026,8,IQ Primaria,,1,4.1,10
2026,8,IQ Secundaria,Admin,1,0.0,1
2026,8,IQ Secundaria,Docente,49,9.8,85
2026,8,IQ Secundaria,Editor,1,4.7,8
2026,8,IQ Secundaria,Estudiante,651,382.7,1214
2026,8,IQ Secundaria,Invitado,78,18.7,143
2026,9,512,Coordinador,1,0.6,1
2026,9,512,Editor,1,0.5,1
2026,9,512,Estudiante,43,35.9,52
2026,9,IQ Primaria,Docente,18,10.5,48
2026,9,IQ Primaria,Estudiante,9,1.8,11
2026,9,IQ Primaria,,2,2.0,7
2026,9,IQ Secundaria,Docente,43,7.1,65
2026,9,IQ Secundaria,Editor,1,8.7,12
2026,9,IQ Secundaria,Estudiante,737,326.8,1220
2026,9,IQ Secundaria,Invitado,31,6.2,63
2026,9,IQ Secundaria,,1,0.8,1
