Anio,Mes,Alliance,Grado,usuarios_activos,horas_totales,registros
2021,2,IQ Primaria,No especificado,5,0.6,14
2021,3,IQ Primaria,No especificado,1,0.4,9
2021,4,IQ Primaria,No especificado,1,0.4,6
2021,5,IQ Primaria,No especificado,7,2.2,36
2021,6,IQ Primaria,No especificado,11,1.9,40
2021,7,IQ Primaria,6to grado,1,0.0,2
2021,7,IQ Primaria,No especificado,6,0.7,15
2021,8,IQ Primaria,6to grado,1,0.0,1
2021,8,IQ Primaria,No especificado,7,0.7,23
2021,9,IQ Primaria,1er grado,1,0.6,9
2021,9,IQ Primaria,6to grado,4,1.0,25
2021,9,IQ Primaria,No especificado,15,4.5,68
2021,10,IQ Primaria,1er grado,1,0.1,4
2021,10,IQ Primaria,6to grado,6,1.6,35
2021,10,IQ Primaria,No especificado,9,1.1,28
2021,11,IQ Primaria,1er grado,6,0.9,19
2021,11,IQ Primaria,2do grado,2,0.3,7
2021,11,IQ Primaria,3er grado,4,0.1,4
2021,11,IQ Primaria,4to grado,5,0.2,10
2021,11,IQ Primaria,5to grado,5,0.6,12
2021,11,IQ Primaria,6to grado,29,3.0,76
2021,11,IQ Primaria,No especificado,19,1.7,38
2021,12,IQ Primaria,1er grado,6,0.3,9
2021,12,IQ Primaria,2do grado,1,0.0,1
2021,12,IQ Primaria,3er grado,1,0.0,1
2021,12,IQ Primaria,4to grado,2,0.3,3
2021,12,IQ Primaria,5to grado,4,0.1,6
2021,12,IQ Primaria,6to grado,9,0.9,27
2021,12,IQ Primaria,No especificado,7,1.0,25
2022,1,IQ Primaria,1er grado,5,1.1,24
2022,1,IQ Primaria,2do grado,1,0.1,2
2022,1,IQ Primaria,3er grado,1,0.0,2
2022,1,IQ Primaria,4to grado,2,0.2,7
2022,1,IQ Primaria,5to grado,4,0.2,8
2022,1,IQ Primaria,6to grado,12,0.9,24
2022,1,IQ Primaria,No especificado,4,1.0,22
2022,2,IQ Primaria,1er grado,8,54.2,21
2022,2,IQ Primaria,2do grado,4,26.8,10
2022,2,IQ Primaria,3er grado,8,14.5,12
2022,2,IQ Primaria,4to grado,5,15.5,9
2022,2,IQ Primaria,5to grado,4,3.2,8
2022,2,IQ Primaria,6to grado,23,150.4,55
2022,2,IQ Primaria,No especificado,8,185.9,28
2022,3,IQ Primaria,1er grado,6,28.1,14
2022,3,IQ Primaria,2do grado,3,90.5,9
2022,3,IQ Primaria,3er grado,5,9.8,5
2022,3,IQ Primaria,4to grado,6,12.0,12
2022,3,IQ Primaria,5to grado,3,15.4,6
2022,3,IQ Primaria,6to grado,87,728.7,167
2022,3,IQ Primaria,No especificado,2,73.2,18
2022,4,IQ Primaria,1er grado,8,46.7,18
2022,4,IQ Primaria,2do grado,3,15.4,5
2022,4,IQ Primaria,3er grado,23,138.1,36
2022,4,IQ Primaria,4to grado,4,70.1,22
2022,4,IQ Primaria,5to grado,2,2.3,3
2022,4,IQ Primaria,6to grado,232,1394.9,395
2022,4,IQ Primaria,No especificado,6,148.7,26
2022,5,IQ Primaria,1er grado,14,30.9,31
2022,5,IQ Primaria,2do grado,8,74.4,24
2022,5,IQ Primaria,3er grado,149,1159.0,397
2022,5,IQ Primaria,4to grado,9,62.0,34
2022,5,IQ Primaria,5to grado,8,44.4,22
2022,5,IQ Primaria,6to grado,384,2367.6,731
2022,5,IQ Primaria,No especificado,5,258.4,23
2022,6,IQ Primaria,1er grado,5,33.7,10
2022,6,IQ Primaria,2do grado,9,20.4,12
2022,6,IQ Primaria,3er grado,56,494.0,128
2022,6,IQ Primaria,4to grado,5,55.4,18
2022,6,IQ Primaria,5to grado,5,36.9,9
2022,6,IQ Primaria,6to grado,141,606.2,243
2022,6,IQ Primaria,No especificado,3,240.8,23
2022,7,IQ Primaria,1er grado,5,13.7,9
2022,7,IQ Primaria,2do grado,5,18.5,7
2022,7,IQ Primaria,3er grado,14,32.9,18
2022,7,IQ Primaria,4to grado,5,65.7,14
2022,7,IQ Primaria,5to grado,8,65.1,21
2022,7,IQ Primaria,6to grado,103,190.3,151
2022,7,IQ Primaria,No especificado,3,124.6,20
2022,8,IQ Primaria,1er grado,8,27.0,13
2022,8,IQ Primaria,2do grado,3,24.1,11
2022,8,IQ Primaria,3er grado,12,51.9,21
2022,8,IQ Primaria,4to grado,6,45.3,13
2022,8,IQ Primaria,5to grado,9,21.7,19
2022,8,IQ Primaria,6to grado,23,118.3,44
2022,8,IQ Primaria,No especificado,3,111.5,23
2022,8,IQ Secundaria,6to grado,2,13.8,5
2022,8,IQ Secundaria,No especificado,2,378.6,11
2022,9,512,No especificado,1,0.2,1
2022,9,IQ Primaria,1er grado,11,48.5,22
2022,9,IQ Primaria,2do grado,4,14.3,10
2022,9,IQ Primaria,3er grado,7,19.1,13
2022,9,IQ Primaria,4to grado,6,32.5,11
2022,9,IQ Primaria,5to grado,3,11.0,8
2022,9,IQ Primaria,6to grado,46,236.5,78
2022,9,IQ Primaria,No especificado,2,226.6,23
2022,9,IQ Secundaria,1er grado,14,30.0,19
2022,9,IQ Secundaria,2do grado,8,18.2,11
2022,9,IQ Secundaria,3er grado,20,61.6,29
2022,9,IQ Secundaria,4to grado,16,98.0,33
2022,9,IQ Secundaria,5to grado,21,128.4,42
2022,9,IQ Secundaria,6to grado,75,244.5,112
2022,9,IQ Secundaria,No especificado,5,408.5,34
2022,10,512,No especificado,19396,63573.6,19445
2022,10,IQ Primaria,1er grado,19,141.9,43
2022,10,IQ Primaria,2do grado,10,33.5,27
2022,10,IQ Primaria,3er grado,16,81.0,31
2022,10,IQ Primaria,4to grado,10,43.4,22
2022,10,IQ Primaria,5to grado,9,62.0,24
2022,10,IQ Primaria,6to grado,48,289.3,87
2022,10,IQ Primaria,No especificado,3,494.0,34
2022,10,IQ Secundaria,1er grado,37,334.9,91
2022,10,IQ Secundaria,2do grado,22,232.5,52
2022,10,IQ Secundaria,3er grado,26,350.4,77
2022,10,IQ Secundaria,4to grado,31,413.1,68
2022,10,IQ Secundaria,5to grado,38,274.5,60
2022,10,IQ Secundaria,6to grado,268,1943.5,480
2022,10,IQ Secundaria,No especificado,4,362.9,27
2022,11,512,No especificado,17,139.1,27
2022,11,IQ Primaria,1er grado,9,86.7,33
2022,11,IQ Primaria,2do grado,4,11.6,8
2022,11,IQ Primaria,3er grado,9,42.4,10
2022,11,IQ Primaria,4to grado,25,162.1,44
2022,11,IQ Primaria,5to grado,6,32.0,16
2022,11,IQ Primaria,6to grado,25,171.2,49
2022,11,IQ Primaria,No especificado,5,263.9,28
2022,11,IQ Secundaria,1er grado,31,162.7,45
2022,11,IQ Secundaria,2do grado,18,111.1,24
2022,11,IQ Secundaria,3er grado,13,33.6,13
2022,11,IQ Secundaria,4to grado,44,261.4,66
2022,11,IQ Secundaria,5to grado,46,333.3,70
2022,11,IQ Secundaria,6to grado,215,1335.0,344
2022,11,IQ Secundaria,No especificado,2,240.2,20
2022,12,512,No especificado,366,1383.9,382
2022,12,IQ Primaria,1er grado,7,50.3,24
2022,12,IQ Primaria,2do grado,3,9.5,7
2022,12,IQ Primaria,3er grado,7,44.1,12
2022,12,IQ Primaria,4to grado,6,23.3,12
2022,12,IQ Primaria,5to grado,1,4.2,3
2022,12,IQ Primaria,6to grado,14,47.2,25
2022,12,IQ Primaria,No especificado,2,374.1,18
2022,12,IQ Secundaria,1er grado,23,119.1,38
2022,12,IQ Secundaria,2do grado,5,28.8,12
2022,12,IQ Secundaria,3er grado,11,46.2,15
2022,12,IQ Secundaria,4to grado,28,64.6,37
2022,12,IQ Secundaria,5to grado,13,17.0,15
2022,12,IQ Secundaria,6to grado,134,473.6,178
2022,12,IQ Secundaria,No especificado,2,60.1,7
2023,1,512,No especificado,2648,196784.1,14793
2023,1,IQ Primaria,1er grado,14,115.6,31
2023,1,IQ Primaria,2do grado,3,3.4,3
2023,1,IQ Primaria,3er grado,17,83.9,24
2023,1,IQ Primaria,4to grado,11,66.8,15
2023,1,IQ Primaria,5to grado,6,44.3,8
2023,1,IQ Primaria,6to grado,49,131.8,68
2023,1,IQ Primaria,No especificado,3,660.6,25
2023,1,IQ Secundaria,1er grado,36,86.4,45
2023,1,IQ Secundaria,2do grado,8,50.5,10
2023,1,IQ Secundaria,3er grado,13,78.0,22
2023,1,IQ Secundaria,4to grado,46,170.4,76
2023,1,IQ Secundaria,5to grado,14,41.7,19
2023,1,IQ Secundaria,6to grado,533,2187.3,815
2023,1,IQ Secundaria,No especificado,2,42.8,6
2023,2,512,No especificado,2634,205413.1,22137
2023,2,IQ Primaria,1er grado,11,169.2,29
2023,2,IQ Primaria,2do grado,8,16.1,13
2023,2,IQ Primaria,3er grado,24,76.5,42
2023,2,IQ Primaria,4to grado,19,123.9,32
2023,2,IQ Primaria,5to grado,3,20.2,6
2023,2,IQ Primaria,6to grado,96,239.7,122
2023,2,IQ Primaria,No especificado,11,319.8,27
2023,2,IQ Secundaria,1er grado,56,175.4,73
2023,2,IQ Secundaria,2do grado,20,58.7,28
2023,2,IQ Secundaria,3er grado,20,54.5,26
2023,2,IQ Secundaria,4to grado,95,432.1,145
2023,2,IQ Secundaria,5to grado,26,148.1,39
2023,2,IQ Secundaria,6to grado,1055,4060.3,1597
2023,2,IQ Secundaria,No especificado,22,122.1,31
2023,3,512,No especificado,2754,212529.8,22731
2023,3,IQ Primaria,1er grado,18,328.8,47
2023,3,IQ Primaria,2do grado,4,22.5,5
2023,3,IQ Primaria,3er grado,49,187.4,83
2023,3,IQ Primaria,4to grado,114,286.6,131
2023,3,IQ Primaria,5to grado,12,33.6,12
2023,3,IQ Primaria,6to grado,274,580.8,346
2023,3,IQ Primaria,No especificado,53,437.1,87
2023,3,IQ Secundaria,1er grado,282,759.4,355
2023,3,IQ Secundaria,2do grado,103,151.1,116
2023,3,IQ Secundaria,3er grado,110,190.8,119
2023,3,IQ Secundaria,4to grado,598,1675.1,728
2023,3,IQ Secundaria,5to grado,130,252.4,165
2023,3,IQ Secundaria,6to grado,2628,8508.4,3505
2023,3,IQ Secundaria,No especificado,219,765.5,288
2023,4,512,No especificado,2819,170415.8,18861
2023,4,IQ Primaria,1er grado,18,175.1,43
2023,4,IQ Primaria,2do grado,7,29.1,12
2023,4,IQ Primaria,3er grado,321,1474.7,577
2023,4,IQ Primaria,4to grado,479,1699.4,664
2023,4,IQ Primaria,5to grado,18,88.5,30
2023,4,IQ Primaria,6to grado,477,1558.9,755
2023,4,IQ Primaria,No especificado,39,438.4,73
2023,4,IQ Secundaria,1er grado,143,964.6,265
2023,4,IQ Secundaria,2do grado,68,233.4,88
2023,4,IQ Secundaria,3er grado,225,710.3,316
2023,4,IQ Secundaria,4to grado,817,4185.9,1324
2023,4,IQ Secundaria,5to grado,75,326.4,107
2023,4,IQ Secundaria,6to grado,5431,23393.5,8603
2023,4,IQ Secundaria,No especificado,124,372.1,158
2023,5,512,No especificado,2847,158534.1,19769
2023,5,IQ Primaria,1er grado,17,423.6,68
2023,5,IQ Primaria,2do grado,23,43.0,32
2023,5,IQ Primaria,3er grado,510,4824.1,1437
2023,5,IQ Primaria,4to grado,718,3039.5,1043
2023,5,IQ Primaria,5to grado,37,179.7,66
2023,5,IQ Primaria,6to grado,1491,3158.9,1915
2023,5,IQ Primaria,No especificado,99,655.8,127
2023,5,IQ Secundaria,1er grado,368,2921.8,739
2023,5,IQ Secundaria,2do grado,173,495.8,247
2023,5,IQ Secundaria,3er grado,137,446.1,184
2023,5,IQ Secundaria,4to grado,3306,22132.5,6495
2023,5,IQ Secundaria,5to grado,239,900.2,367
2023,5,IQ Secundaria,6to grado,21587,118069.6,39304
2023,5,IQ Secundaria,No especificado,613,1633.2,785
2023,6,512,No especificado,2361,76646.4,9771
2023,6,IQ Primaria,1er grado,16,55.0,27
2023,6,IQ Primaria,2do grado,7,15.7,10
2023,6,IQ Primaria,3er grado,9,23.8,14
2023,6,IQ Primaria,4to grado,85,191.5,91
2023,6,IQ Primaria,5to grado,16,26.4,20
2023,6,IQ Primaria,6to grado,630,933.4,669
2023,6,IQ Primaria,No especificado,22,224.5,35
2023,6,IQ Secundaria,1er grado,276,764.3,585
2023,6,IQ Secundaria,2do grado,134,384.1,241
2023,6,IQ Secundaria,3er grado,53,313.3,89
2023,6,IQ Secundaria,4to grado,1217,10747.4,2723
2023,6,IQ Secundaria,5to grado,363,2590.3,780
2023,6,IQ Secundaria,6to grado,24423,209729.4,61274
2023,6,IQ Secundaria,No especificado,140,708.1,320
2023,7,512,No especificado,2892,156703.4,19538
2023,7,IQ Primaria,1er grado,12,299.3,35
2023,7,IQ Primaria,2do grado,1,1.1,2
2023,7,IQ Primaria,3er grado,6,10.5,7
2023,7,IQ Primaria,4to grado,28,119.5,46
2023,7,IQ Primaria,5to grado,3,2.9,4
2023,7,IQ Primaria,6to grado,69,112.4,82
2023,7,IQ Primaria,No especificado,13,308.0,31
2023,7,IQ Secundaria,1er grado,81,107.8,164
2023,7,IQ Secundaria,2do grado,24,144.2,60
2023,7,IQ Secundaria,3er grado,20,118.7,38
2023,7,IQ Secundaria,4to grado,112,261.7,180
2023,7,IQ Secundaria,5to grado,28,86.4,50
2023,7,IQ Secundaria,6to grado,1346,4749.3,2755
2023,7,IQ Secundaria,No especificado,109,420.6,177
2023,8,512,No especificado,2505,54551.2,8777
2023,8,IQ Primaria,1er grado,8,435.5,38
2023,8,IQ Primaria,2do grado,9,27.3,15
2023,8,IQ Primaria,3er grado,15,44.2,17
2023,8,IQ Primaria,4to grado,25,78.6,29
2023,8,IQ Primaria,5to grado,5,5.9,5
2023,8,IQ Primaria,6to grado,147,485.9,207
2023,8,IQ Primaria,No especificado,7,251.5,32
2023,8,IQ Secundaria,1er grado,73,210.4,167
2023,8,IQ Secundaria,2do grado,43,191.0,76
2023,8,IQ Secundaria,3er grado,11,26.0,20
2023,8,IQ Secundaria,4to grado,110,372.7,182
2023,8,IQ Secundaria,5to grado,37,246.9,73
2023,8,IQ Secundaria,6to grado,1592,6953.1,3113
2023,8,IQ Secundaria,No especificado,50,185.5,142
2023,9,512,No especificado,1040,9937.9,2160
2023,9,IQ Primaria,1er grado,26,583.9,77
2023,9,IQ Primaria,2do grado,32,101.9,53
2023,9,IQ Primaria,3er grado,18,43.3,22
2023,9,IQ Primaria,4to grado,36,307.2,70
2023,9,IQ Primaria,5to grado,466,592.8,522
2023,9,IQ Primaria,6to grado,241,903.9,329
2023,9,IQ Primaria,No especificado,8,350.0,33
2023,9,IQ Secundaria,1er grado,187,914.7,356
2023,9,IQ Secundaria,2do grado,840,1638.1,1204
2023,9,IQ Secundaria,3er grado,21,64.0,31
2023,9,IQ Secundaria,4to grado,224,972.1,398
2023,9,IQ Secundaria,5to grado,147,532.5,237
2023,9,IQ Secundaria,6to grado,1260,5840.6,2535
2023,9,IQ Secundaria,No especificado,5,121.0,26
2023,10,512,No especificado,410,2164.0,673
2023,10,IQ Primaria,1er grado,60,426.1,104
2023,10,IQ Primaria,2do grado,1771,4725.5,2143
2023,10,IQ Primaria,3er grado,76,275.5,107
2023,10,IQ Primaria,4to grado,258,1788.0,454
2023,10,IQ Primaria,5to grado,36411,231737.3,66017
2023,10,IQ Primaria,6to grado,1665,14175.2,3734
2023,10,IQ Primaria,No especificado,86,663.5,174
2023,10,IQ Secundaria,1er grado,728,2779.5,1691
2023,10,IQ Secundaria,2do grado,40093,275622.4,83967
2023,10,IQ Secundaria,3er grado,234,762.5,382
2023,10,IQ Secundaria,4to grado,2680,23456.2,6041
2023,10,IQ Secundaria,5to grado,833,3872.5,1685
2023,10,IQ Secundaria,6to grado,1961,13699.2,4379
2023,10,IQ Secundaria,No especificado,387,3069.4,895
2023,11,512,No especificado,309,401.6,458
2023,11,IQ Primaria,1er grado,30,95.5,70
2023,11,IQ Primaria,2do grado,566,759.1,642
2023,11,IQ Primaria,3er grado,50,172.0,78
2023,11,IQ Primaria,4to grado,123,304.8,218
2023,11,IQ Primaria,5to grado,13925,53672.3,23182
2023,11,IQ Primaria,6to grado,589,2031.1,864
2023,11,IQ Primaria,No especificado,34,179.8,66
2023,11,IQ Secundaria,1er grado,257,434.4,578
2023,11,IQ Secundaria,2do grado,18079,63080.6,35814
2023,11,IQ Secundaria,3er grado,79,130.0,152
2023,11,IQ Secundaria,4to grado,1287,5788.2,2958
2023,11,IQ Secundaria,5to grado,207,242.7,330
2023,11,IQ Secundaria,6to grado,1043,1794.2,1965
2023,11,IQ Secundaria,No especificado,55,167.9,94
2023,12,512,No especificado,179,107.4,250
2023,12,IQ Primaria,1er grado,8,36.8,26
2023,12,IQ Primaria,2do grado,34,16.7,39
2023,12,IQ Primaria,3er grado,3,1.3,3
2023,12,IQ Primaria,4to grado,26,25.0,37
2023,12,IQ Primaria,5to grado,880,954.0,1229
2023,12,IQ Primaria,6to grado,57,52.7,82
2023,12,IQ Primaria,No especificado,6,23.9,24
2023,12,IQ Secundaria,1er grado,50,58.8,119
2023,12,IQ Secundaria,2do grado,1228,1861.6,2394
2023,12,IQ Secundaria,3er grado,25,15.5,35
2023,12,IQ Secundaria,4to grado,223,315.2,407
2023,12,IQ Secundaria,5to grado,70,46.8,100
2023,12,IQ Secundaria,6to grado,807,624.8,1255
2023,12,IQ Secundaria,No especificado,7,7.9,19
2024,1,512,No especificado,236,158.5,311
2024,1,IQ Primaria,1er grado,13,44.5,32
2024,1,IQ Primaria,2do grado,31,14.5,31
2024,1,IQ Primaria,3er grado,11,4.8,12
2024,1,IQ Primaria,4to grado,24,21.0,34
2024,1,IQ Primaria,5to grado,445,353.3,578
2024,1,IQ Primaria,6to grado,176,163.5,260
2024,1,IQ Primaria,No especificado,5,10.5,16
2024,1,IQ Secundaria,1er grado,87,72.1,179
2024,1,IQ Secundaria,2do grado,787,743.2,1276
2024,1,IQ Secundaria,3er grado,20,66.5,60
2024,1,IQ Secundaria,4to grado,281,345.1,523
2024,1,IQ Secundaria,5to grado,52,61.7,109
2024,1,IQ Secundaria,6to grado,1322,1332.0,2920
2024,1,IQ Secundaria,No especificado,8,19.7,20
2024,2,512,No especificado,236,169.5,323
2024,2,IQ Primaria,1er grado,13,37.8,42
2024,2,IQ Primaria,2do grado,39,20.7,44
2024,2,IQ Primaria,3er grado,19,17.1,23
2024,2,IQ Primaria,4to grado,23,26.1,43
2024,2,IQ Primaria,5to grado,553,481.2,879
2024,2,IQ Primaria,6to grado,482,520.5,853
2024,2,IQ Primaria,No especificado,5,18.2,23
2024,2,IQ Secundaria,1er grado,101,76.6,208
2024,2,IQ Secundaria,2do grado,962,1007.5,1738
2024,2,IQ Secundaria,3er grado,67,65.7,109
2024,2,IQ Secundaria,4to grado,314,307.5,566
2024,2,IQ Secundaria,5to grado,69,57.3,129
2024,2,IQ Secundaria,6to grado,1710,1689.4,3601
2024,2,IQ Secundaria,No especificado,10,66.8,39
2024,3,512,No especificado,304,308.3,487
2024,3,IQ Primaria,1er grado,16,44.7,41
2024,3,IQ Primaria,2do grado,53,38.2,69
2024,3,IQ Primaria,3er grado,15,13.0,22
2024,3,IQ Primaria,4to grado,37,44.3,58
2024,3,IQ Primaria,5to grado,2120,3340.2,3502
2024,3,IQ Primaria,6to grado,790,1118.5,1480
2024,3,IQ Primaria,No especificado,5,12.5,17
2024,3,IQ Secundaria,1er grado,145,136.7,310
2024,3,IQ Secundaria,2do grado,1782,2936.8,2994
2024,3,IQ Secundaria,3er grado,191,150.8,325
2024,3,IQ Secundaria,4to grado,443,608.4,818
2024,3,IQ Secundaria,5to grado,72,70.8,136
2024,3,IQ Secundaria,6to grado,2980,3772.7,6676
2024,3,IQ Secundaria,No especificado,15,88.3,43
2024,4,512,No especificado,374,388.7,617
2024,4,IQ Primaria,1er grado,18,45.4,40
2024,4,IQ Primaria,2do grado,89,59.4,104
2024,4,IQ Primaria,3er grado,16,8.9,24
2024,4,IQ Primaria,4to grado,49,56.6,72
2024,4,IQ Primaria,5to grado,3859,5384.6,5867
2024,4,IQ Primaria,6to grado,1887,3335.2,3968
2024,4,IQ Primaria,No especificado,7,10.0,12
2024,4,IQ Secundaria,1er grado,348,346.3,873
2024,4,IQ Secundaria,2do grado,3754,6569.9,7783
2024,4,IQ Secundaria,3er grado,346,520.1,784
2024,4,IQ Secundaria,4to grado,1035,1390.7,2008
2024,4,IQ Secundaria,5to grado,117,125.4,205
2024,4,IQ Secundaria,6to grado,6521,8247.2,14438
2024,4,IQ Secundaria,No especificado,39,122.0,93
2024,5,512,No especificado,351,468.7,583
2024,5,IQ Primaria,1er grado,14,53.1,45
2024,5,IQ Primaria,2do grado,16,12.9,18
2024,5,IQ Primaria,3er grado,13,5.6,15
2024,5,IQ Primaria,4to grado,73,56.7,98
2024,5,IQ Primaria,5to grado,450,341.5,561
2024,5,IQ Primaria,6to grado,1167,950.2,1491
2024,5,IQ Primaria,No especificado,2,12.4,9
2024,5,IQ Secundaria,1er grado,769,833.0,2237
2024,5,IQ Secundaria,2do grado,939,1248.5,1770
2024,5,IQ Secundaria,3er grado,132,132.5,216
2024,5,IQ Secundaria,4to grado,3811,6497.8,8568
2024,5,IQ Secundaria,5to grado,310,337.1,621
2024,5,IQ Secundaria,6to grado,31378,47844.8,81395
2024,5,IQ Secundaria,No especificado,49,118.1,121
2024,6,512,No especificado,695,830.6,1179
2024,6,IQ Primaria,1er grado,15,21.3,34
2024,6,IQ Primaria,2do grado,19,17.0,26
2024,6,IQ Primaria,3er grado,13,7.9,13
2024,6,IQ Primaria,4to grado,35,19.2,41
2024,6,IQ Primaria,5to grado,130,84.8,155
2024,6,IQ Primaria,6to grado,452,288.0,505
2024,6,IQ Primaria,No especificado,4,5.9,11
2024,6,IQ Secundaria,1er grado,538,707.3,1710
2024,6,IQ Secundaria,2do grado,314,430.4,675
2024,6,IQ Secundaria,3er grado,111,205.0,242
2024,6,IQ Secundaria,4to grado,1638,2914.0,3699
2024,6,IQ Secundaria,5to grado,276,654.8,813
2024,6,IQ Secundaria,6to grado,25246,57457.4,75406
2024,6,IQ Secundaria,No especificado,25,62.9,67
2024,7,512,No especificado,1914,4562.9,5093
2024,7,IQ Primaria,1er grado,4,31.4,19
2024,7,IQ Primaria,2do grado,3,2.1,4
2024,7,IQ Primaria,3er grado,1,0.8,3
2024,7,IQ Primaria,4to grado,8,2.9,9
2024,7,IQ Primaria,5to grado,33,16.8,36
2024,7,IQ Primaria,6to grado,39,42.7,56
2024,7,IQ Primaria,No especificado,5,14.5,17
2024,7,IQ Secundaria,1er grado,46,33.3,109
2024,7,IQ Secundaria,2do grado,27,17.0,53
2024,7,IQ Secundaria,3er grado,19,25.9,46
2024,7,IQ Secundaria,4to grado,120,93.6,205
2024,7,IQ Secundaria,5to grado,25,35.2,66
2024,7,IQ Secundaria,6to grado,1038,1214.3,2270
2024,7,IQ Secundaria,No especificado,6,37.9,20
2024,8,512,No especificado,1170,4054.3,3486
2024,8,IQ Primaria,1er grado,6,15.9,13
2024,8,IQ Primaria,3er grado,4,3.5,4
2024,8,IQ Primaria,4to grado,20,19.1,28
2024,8,IQ Primaria,5to grado,66,41.4,78
2024,8,IQ Primaria,6to grado,47,50.2,73
2024,8,IQ Primaria,No especificado,2,9.7,12
2024,8,IQ Secundaria,1er grado,52,48.0,99
2024,8,IQ Secundaria,2do grado,33,47.8,62
2024,8,IQ Secundaria,3er grado,18,35.9,35
2024,8,IQ Secundaria,4to grado,377,512.1,596
2024,8,IQ Secundaria,5to grado,25,40.2,59
2024,8,IQ Secundaria,6to grado,1112,1662.7,2455
2024,8,IQ Secundaria,No especificado,7,38.8,19
2024,9,512,No especificado,1652,7580.1,6262
2024,9,IQ Primaria,1er grado,5,12.7,13
2024,9,IQ Primaria,2do grado,3,6.2,5
2024,9,IQ Primaria,3er grado,7,4.8,8
2024,9,IQ Primaria,4to grado,18,24.1,36
2024,9,IQ Primaria,5to grado,98,107.0,147
2024,9,IQ Primaria,6to grado,43,36.0,58
2024,9,IQ Primaria,No especificado,2,5.7,9
2024,9,IQ Secundaria,1er grado,29,32.5,62
2024,9,IQ Secundaria,2do grado,29,20.2,49
2024,9,IQ Secundaria,3er grado,25,23.8,42
2024,9,IQ Secundaria,4to grado,191,165.9,296
2024,9,IQ Secundaria,5to grado,46,40.4,66
2024,9,IQ Secundaria,6to grado,613,661.9,1156
2024,9,IQ Secundaria,No especificado,2,4.8,4
2024,10,512,No especificado,1789,6680.8,5876
2024,10,IQ Primaria,1er grado,8,28.0,24
2024,10,IQ Primaria,2do grado,4,1.3,4
2024,10,IQ Primaria,3er grado,2,2.9,4
2024,10,IQ Primaria,4to grado,12,13.2,21
2024,10,IQ Primaria,5to grado,85,111.8,154
2024,10,IQ Primaria,6to grado,43,66.2,84
2024,10,IQ Primaria,No especificado,2,1.2,3
2024,10,IQ Secundaria,1er grado,27,41.8,56
2024,10,IQ Secundaria,2do grado,40,25.0,68
2024,10,IQ Secundaria,3er grado,31,16.6,36
2024,10,IQ Secundaria,4to grado,232,201.7,327
2024,10,IQ Secundaria,5to grado,36,31.9,55
2024,10,IQ Secundaria,6to grado,762,1001.2,1527
2024,10,IQ Secundaria,No especificado,3,0.8,7
2024,11,512,No especificado,1472,7633.3,5395
2024,11,IQ Primaria,1er grado,8,16.4,17
2024,11,IQ Primaria,2do grado,7,9.7,12
2024,11,IQ Primaria,3er grado,2,1.0,2
2024,11,IQ Primaria,4to grado,11,15.9,22
2024,11,IQ Primaria,5to grado,59,84.8,98
2024,11,IQ Primaria,6to grado,38,39.5,60
2024,11,IQ Primaria,No especificado,1,7.4,7
2024,11,IQ Secundaria,1er grado,42,33.2,87
2024,11,IQ Secundaria,2do grado,28,19.1,54
2024,11,IQ Secundaria,3er grado,16,10.7,29
2024,11,IQ Secundaria,4to grado,193,151.1,289
2024,11,IQ Secundaria,5to grado,78,52.7,119
2024,11,IQ Secundaria,6to grado,862,844.8,1520
2024,11,IQ Secundaria,No especificado,3,13.7,10
2024,12,512,No especificado,1318,4622.2,3632
2024,12,IQ Primaria,1er grado,4,5.9,8
2024,12,IQ Primaria,2do grado,1,0.3,1
2024,12,IQ Primaria,3er grado,2,1.0,2
2024,12,IQ Primaria,4to grado,6,3.7,7
2024,12,IQ Primaria,5to grado,18,25.9,26
2024,12,IQ Primaria,6to grado,16,11.1,18
2024,12,IQ Primaria,No especificado,1,17.5,9
2024,12,IQ Secundaria,1er grado,13,5.6,18
2024,12,IQ Secundaria,2do grado,3,0.9,4
2024,12,IQ Secundaria,3er grado,43,39.3,73
2024,12,IQ Secundaria,4to grado,63,38.8,92
2024,12,IQ Secundaria,5to grado,10,6.3,14
2024,12,IQ Secundaria,6to grado,292,240.6,492
2024,12,IQ Secundaria,No especificado,2,19.5,10
2025,1,512,No especificado,348,625.2,670
2025,1,IQ Primaria,1er grado,6,22.1,17
2025,1,IQ Primaria,2do grado,4,4.9,7
2025,1,IQ Primaria,3er grado,3,2.1,3
2025,1,IQ Primaria,4to grado,14,16.7,24
2025,1,IQ Primaria,5to grado,70,68.1,101
2025,1,IQ Primaria,6to grado,48,56.5,80
2025,1,IQ Primaria,No especificado,1,3.8,4
2025,1,IQ Secundaria,1er grado,54,59.6,121
2025,1,IQ Secundaria,2do grado,59,51.4,99
2025,1,IQ Secundaria,3er grado,160,169.0,266
2025,1,IQ Secundaria,4to grado,302,318.7,559
2025,1,IQ Secundaria,5to grado,64,79.6,123
2025,1,IQ Secundaria,6to grado,1474,1818.4,3078
2025,1,IQ Secundaria,No especificado,4,4.1,7
2025,2,512,No especificado,201,250.9,320
2025,2,IQ Primaria,1er grado,7,20.6,24
2025,2,IQ Primaria,2do grado,7,9.1,13
2025,2,IQ Primaria,3er grado,3,3.4,3
2025,2,IQ Primaria,4to grado,15,22.0,27
2025,2,IQ Primaria,5to grado,51,61.9,76
2025,2,IQ Primaria,6to grado,57,58.5,81
2025,2,IQ Primaria,No especificado,3,7.0,9
2025,2,IQ Secundaria,1er grado,59,61.1,142
2025,2,IQ Secundaria,2do grado,56,32.5,83
2025,2,IQ Secundaria,3er grado,150,138.7,242
2025,2,IQ Secundaria,4to grado,359,403.3,633
2025,2,IQ Secundaria,5to grado,60,63.8,117
2025,2,IQ Secundaria,6to grado,2039,2176.7,4034
2025,2,IQ Secundaria,No especificado,2,1.0,2
2025,3,512,No especificado,403,310.9,655
2025,3,IQ Primaria,1er grado,10,24.2,26
2025,3,IQ Primaria,2do grado,3,9.4,9
2025,3,IQ Primaria,3er grado,27,16.0,32
2025,3,IQ Primaria,4to grado,14,10.9,21
2025,3,IQ Primaria,5to grado,132,118.7,165
2025,3,IQ Primaria,6to grado,149,91.3,169
2025,3,IQ Primaria,No especificado,2,5.0,6
2025,3,IQ Secundaria,1er grado,97,145.4,238
2025,3,IQ Secundaria,2do grado,53,39.1,81
2025,3,IQ Secundaria,3er grado,357,388.7,624
2025,3,IQ Secundaria,4to grado,548,663.1,987
2025,3,IQ Secundaria,5to grado,72,57.9,130
2025,3,IQ Secundaria,6to grado,3277,4733.5,7190
2025,3,IQ Secundaria,No especificado,4,6.1,10
2025,4,512,No especificado,306,182.7,439
2025,4,IQ Primaria,1er grado,2,11.0,14
2025,4,IQ Primaria,2do grado,6,2.6,7
2025,4,IQ Primaria,3er grado,71,84.1,122
2025,4,IQ Primaria,4to grado,21,18.5,25
2025,4,IQ Primaria,5to grado,188,157.8,238
2025,4,IQ Primaria,6to grado,161,111.0,190
2025,4,IQ Primaria,No especificado,2,8.4,13
2025,4,IQ Secundaria,1er grado,137,120.7,264
2025,4,IQ Secundaria,2do grado,207,211.9,335
2025,4,IQ Secundaria,3er grado,1579,2326.7,3010
2025,4,IQ Secundaria,4to grado,1032,1315.0,1840
2025,4,IQ Secundaria,5to grado,94,73.7,128
2025,4,IQ Secundaria,6to grado,4567,5653.3,8949
2025,4,IQ Secundaria,No especificado,9,71.1,26
2025,5,512,No especificado,215,191.8,322
2025,5,IQ Primaria,1er grado,13,17.7,18
2025,5,IQ Primaria,2do grado,16,31.2,22
2025,5,IQ Primaria,3er grado,64,112.3,121
2025,5,IQ Primaria,4to grado,32,63.8,56
2025,5,IQ Primaria,5to grado,135,144.7,180
2025,5,IQ Primaria,6to grado,233,217.9,322
2025,5,IQ Primaria,No especificado,3,11.9,14
2025,5,IQ Secundaria,1er grado,356,381.2,855
2025,5,IQ Secundaria,2do grado,442,440.6,812
2025,5,IQ Secundaria,3er grado,2112,4058.8,4721
2025,5,IQ Secundaria,4to grado,2272,3278.1,4388
2025,5,IQ Secundaria,5to grado,184,239.9,369
2025,5,IQ Secundaria,6to grado,17555,24800.2,39825
2025,5,IQ Secundaria,No especificado,18,124.9,53
2025,6,512,No especificado,133,117.2,194
2025,6,IQ Primaria,1er grado,5,8.6,7
2025,6,IQ Primaria,2do grado,3,0.9,3
2025,6,IQ Primaria,3er grado,6,6.9,10
2025,6,IQ Primaria,4to grado,11,13.1,15
2025,6,IQ Primaria,5to grado,24,14.3,29
2025,6,IQ Primaria,6to grado,69,44.7,77
2025,6,IQ Primaria,No especificado,2,5.3,6
2025,6,IQ Secundaria,1er grado,471,541.1,1422
2025,6,IQ Secundaria,2do grado,283,343.9,673
2025,6,IQ Secundaria,3er grado,191,265.2,412
2025,6,IQ Secundaria,4to grado,2100,3117.0,4483
2025,6,IQ Secundaria,5to grado,203,217.7,427
2025,6,IQ Secundaria,6to grado,22401,37347.5,64213
2025,6,IQ Secundaria,No especificado,25,105.5,66
2025,7,512,No especificado,87,96.4,119
2025,7,IQ Primaria,1er grado,5,17.6,17
2025,7,IQ Primaria,2do grado,3,0.7,3
2025,7,IQ Primaria,3er grado,3,3.3,5
2025,7,IQ Primaria,4to grado,2,1.7,3
2025,7,IQ Primaria,5to grado,12,9.1,16
2025,7,IQ Primaria,6to grado,14,9.6,18
2025,7,IQ Primaria,No especificado,1,29.8,22
2025,7,IQ Secundaria,1er grado,25,21.8,58
2025,7,IQ Secundaria,2do grado,24,22.5,42
2025,7,IQ Secundaria,3er grado,16,9.9,24
2025,7,IQ Secundaria,4to grado,110,94.3,173
2025,7,IQ Secundaria,5to grado,16,9.0,22
2025,7,IQ Secundaria,6to grado,827,961.6,1843
2025,7,IQ Secundaria,No especificado,4,24.2,19
2025,8,512,No especificado,63,52.6,72
2025,8,IQ Primaria,1er grado,10,24.0,27
2025,8,IQ Primaria,2do grado,4,1.3,4
2025,8,IQ Primaria,3er grado,8,11.8,13
2025,8,IQ Primaria,4to grado,8,17.0,16
2025,8,IQ Primaria,5to grado,35,24.5,45
2025,8,IQ Primaria,6to grado,17,15.3,24
2025,8,IQ Primaria,No especificado,2,42.6,18
2025,8,IQ Secundaria,1er grado,27,23.0,57
2025,8,IQ Secundaria,2do grado,23,16.1,38
2025,8,IQ Secundaria,3er grado,14,10.7,23
2025,8,IQ Secundaria,4to grado,235,146.7,301
2025,8,IQ Secundaria,5to grado,19,13.5,29
2025,8,IQ Secundaria,6to grado,828,782.0,1574
2025,8,IQ Secundaria,No especificado,4,7.4,8
2025,9,512,No especificado,58,58.7,77
2025,9,IQ Primaria,1er grado,4,26.1,25
2025,9,IQ Primaria,3er grado,4,0.9,4
2025,9,IQ Primaria,4to grado,2,2.9,4
2025,9,IQ Primaria,5to grado,30,39.0,56
2025,9,IQ Primaria,6to grado,16,20.0,24
2025,9,IQ Primaria,No especificado,1,18.1,14
2025,9,IQ Secundaria,1er grado,126,82.3,218
2025,9,IQ Secundaria,2do grado,95,78.5,166
2025,9,IQ Secundaria,3er grado,142,92.4,207
2025,9,IQ Secundaria,4to grado,171,152.2,285
2025,9,IQ Secundaria,5to grado,80,81.6,153
2025,9,IQ Secundaria,6to grado,774,560.9,1233
2025,9,IQ Secundaria,No especificado,2,8.6,8
2025,10,512,No especificado,54,53.3,71
2025,10,IQ Primaria,1er grado,3,16.1,16
2025,10,IQ Primaria,2do grado,2,1.5,2
2025,10,IQ Primaria,3er grado,1,0.5,1
2025,10,IQ Primaria,4to grado,4,2.1,5
2025,10,IQ Primaria,5to grado,37,41.6,62
2025,10,IQ Primaria,6to grado,11,5.9,13
2025,10,IQ Primaria,No especificado,1,9.5,9
2025,10,IQ Secundaria,1er grado,52,50.8,101
2025,10,IQ Secundaria,2do grado,22,14.3,35
2025,10,IQ Secundaria,3er grado,31,22.2,47
2025,10,IQ Secundaria,4to grado,118,140.2,212
2025,10,IQ Secundaria,5to grado,14,7.5,24
2025,10,IQ Secundaria,6to grado,883,807.6,1562
2025,10,IQ Secundaria,No especificado,3,22.4,19
2025,11,512,No especificado,60,43.7,77
2025,11,IQ Primaria,1er grado,3,7.7,5
2025,11,IQ Primaria,2do grado,1,0.4,1
2025,11,IQ Primaria,4to grado,3,1.8,3
2025,11,IQ Primaria,5to grado,45,55.1,82
2025,11,IQ Primaria,6to grado,8,8.3,14
2025,11,IQ Primaria,No especificado,1,17.0,8
2025,11,IQ Secundaria,1er grado,17,13.3,27
2025,11,IQ Secundaria,2do grado,11,6.8,15
2025,11,IQ Secundaria,3er grado,81,44.3,88
2025,11,IQ Secundaria,4to grado,81,58.4,138
2025,11,IQ Secundaria,5to grado,60,37.9,104
2025,11,IQ Secundaria,6to grado,675,431.5,1049
2025,11,IQ Secundaria,No especificado,2,8.1,7
2025,12,512,No especificado,28,15.3,34
2025,12,IQ Primaria,1er grado,1,5.4,9
2025,12,IQ Primaria,3er grado,1,0.6,1
2025,12,IQ Primaria,4to grado,2,1.0,2
2025,12,IQ Primaria,5to grado,13,9.7,18
2025,12,IQ Primaria,6to grado,5,6.5,6
2025,12,IQ Primaria,No especificado,1,6.7,6
2025,12,IQ Secundaria,1er grado,8,3.4,12
2025,12,IQ Secundaria,2do grado,11,4.6,13
2025,12,IQ Secundaria,3er grado,12,5.6,15
2025,12,IQ Secundaria,4to grado,137,85.4,168
2025,12,IQ Secundaria,5to grado,17,9.6,26
2025,12,IQ Secundaria,6to grado,408,320.6,612
2025,12,IQ Secundaria,No especificado,2,3.1,5
2026,1,512,No especificado,32,24.3,47
2026,1,IQ Primaria,1er grado,4,15.8,15
2026,1,IQ Primaria,2do grado,1,0.6,1
2026,1,IQ Primaria,3er grado,3,0.8,3
2026,1,IQ Primaria,4to grado,10,5.6,11
2026,1,IQ Primaria,5to grado,36,40.0,60
2026,1,IQ Primaria,6to grado,13,10.6,15
2026,1,IQ Primaria,No especificado,1,9.0,11
2026,1,IQ Secundaria,1er grado,30,30.7,74
2026,1,IQ Secundaria,2do grado,32,17.3,45
2026,1,IQ Secundaria,3er grado,6,2.3,9
2026,1,IQ Secundaria,4to grado,230,118.1,340
2026,1,IQ Secundaria,5to grado,31,15.4,43
2026,1,IQ Secundaria,6to grado,1515,1110.2,2456
2026,1,IQ Secundaria,No especificado,5,2.4,5
2026,2,512,No especificado,25,16.3,29
2026,2,IQ Primaria,1er grado,1,24.5,17
2026,2,IQ Primaria,2do grado,1,0.8,1
2026,2,IQ Primaria,3er grado,1,0.5,1
2026,2,IQ Primaria,4to grado,5,5.0,8
2026,2,IQ Primaria,5to grado,37,37.2,58
2026,2,IQ Primaria,6to grado,6,3.8,7
2026,2,IQ Primaria,No especificado,3,9.5,9
2026,2,IQ Secundaria,1er grado,31,64.0,91
2026,2,IQ Secundaria,2do grado,54,38.1,98
2026,2,IQ Secundaria,3er grado,20,22.4,29
2026,2,IQ Secundaria,4to grado,344,365.6,551
2026,2,IQ Secundaria,5to grado,33,24.7,46
2026,2,IQ Secundaria,6to grado,2924,4252.7,6211
2026,2,IQ Secundaria,No especificado,21,15.6,28
2026,3,512,No especificado,47,37.7,60
2026,3,IQ Primaria,1er grado,2,14.6,15
2026,3,IQ Primaria,2do grado,1,0.3,1
2026,3,IQ Primaria,3er grado,1,0.3,1
2026,3,IQ Primaria,4to grado,3,2.3,5
2026,3,IQ Primaria,5to grado,33,37.3,48
2026,3,IQ Primaria,6to grado,12,8.1,15
2026,3,IQ Primaria,No especificado,1,9.0,11
2026,3,IQ Secundaria,1er grado,50,62.0,130
2026,3,IQ Secundaria,2do grado,60,62.6,113
2026,3,IQ Secundaria,3er grado,44,23.4,53
2026,3,IQ Secundaria,4to grado,512,476.2,826
2026,3,IQ Secundaria,5to grado,40,39.9,67
2026,3,IQ Secundaria,6to grado,3100,3267.0,6031
2026,3,IQ Secundaria,No especificado,12,29.9,30
2026,4,512,No especificado,72,72.7,109
2026,4,IQ Primaria,1er grado,2,5.1,17
2026,4,IQ Primaria,2do grado,3,1.4,3
2026,4,IQ Primaria,3er grado,15,8.8,16
2026,4,IQ Primaria,4to grado,8,7.8,9
2026,4,IQ Primaria,5to grado,29,27.4,37
2026,4,IQ Primaria,6to grado,16,7.5,18
2026,4,IQ Primaria,No especificado,1,2.7,7
2026,4,IQ Secundaria,1er grado,105,96.8,243
2026,4,IQ Secundaria,2do grado,66,61.7,129
2026,4,IQ Secundaria,3er grado,36,22.9,72
2026,4,IQ Secundaria,4to grado,765,782.4,1314
2026,4,IQ Secundaria,5to grado,92,69.4,143
2026,4,IQ Secundaria,6to grado,6627,7030.6,13131
2026,4,IQ Secundaria,No especificado,22,31.3,38
2026,5,512,No especificado,574,1957.3,2163
2026,5,IQ Primaria,1er grado,4,8.0,20
2026,5,IQ Primaria,3er grado,13,13.5,17
2026,5,IQ Primaria,4to grado,14,8.9,17
2026,5,IQ Primaria,5to grado,61,66.4,90
2026,5,IQ Primaria,6to grado,49,27.1,53
2026,5,IQ Primaria,No especificado,4,7.3,11
2026,5,IQ Secundaria,1er grado,366,391.8,986
2026,5,IQ Secundaria,2do grado,429,406.4,806
2026,5,IQ Secundaria,3er grado,168,155.0,306
2026,5,IQ Secundaria,4to grado,2419,2725.7,4028
2026,5,IQ Secundaria,5to grado,331,239.3,484
2026,5,IQ Secundaria,6to grado,23907,26887.0,46106
2026,5,IQ Secundaria,No especificado,261,298.9,542
2026,6,512,No especificado,317,956.0,874
2026,6,IQ Primaria,1er grado,4,56.0,30
2026,6,IQ Primaria,2do grado,2,1.1,2
2026,6,IQ Primaria,3er grado,6,5.4,7
2026,6,IQ Primaria,4to grado,23,11.4,24
2026,6,IQ Primaria,5to grado,24,17.1,29
2026,6,IQ Primaria,6to grado,52,26.3,55
2026,6,IQ Primaria,No especificado,2,14.8,17
2026,6,IQ Secundaria,1er grado,415,441.9,1214
2026,6,IQ Secundaria,2do grado,384,567.4,928
2026,6,IQ Secundaria,3er grado,166,229.9,355
2026,6,IQ Secundaria,4to grado,1880,2277.6,3236
2026,6,IQ Secundaria,5to grado,372,422.5,639
2026,6,IQ Secundaria,6to grado,29564,39303.1,63267
2026,6,IQ Secundaria,No especificado,312,302.6,593
2026,7,512,No especificado,31,20.3,36
2026,7,IQ Primaria,1er grado,1,4.3,18
2026,7,IQ Primaria,4to grado,1,0.1,1
2026,7,IQ Primaria,5to grado,7,0.5,7
2026,7,IQ Primaria,6to grado,6,1.8,7
2026,7,IQ Primaria,No especificado,1,1.0,5
2026,7,IQ Secundaria,1er grado,19,3.8,50
2026,7,IQ Secundaria,2do grado,45,36.1,148
2026,7,IQ Secundaria,3er grado,13,6.0,47
2026,7,IQ Secundaria,4to grado,51,41.0,94
2026,7,IQ Secundaria,5to grado,8,2.3,12
2026,7,IQ Secundaria,6to grado,620,299.5,1192
2026,7,IQ Secundaria,No especificado,6,2.6,14
2026,8,512,No especificado,30,18.7,39
2026,8,IQ Primaria,1er grado,5,6.1,26
2026,8,IQ Primaria,2do grado,2,0.2,2
2026,8,IQ Primaria,4to grado,2,0.7,3
2026,8,IQ Primaria,5to grado,14,1.2,14
2026,8,IQ Primaria,6to grado,10,1.0,10
2026,8,IQ Primaria,No especificado,2,4.1,11
2026,8,IQ Secundaria,1er grado,16,3.7,39
2026,8,IQ Secundaria,2do grado,22,5.0,45
2026,8,IQ Secundaria,3er grado,14,7.6,40
2026,8,IQ Secundaria,4to grado,89,50.6,157
2026,8,IQ Secundaria,5to grado,13,2.9,18
2026,8,IQ Secundaria,6to grado,616,339.5,1129
2026,8,IQ Secundaria,No especificado,10,6.6,23
2026,9,512,No especificado,45,37.0,54
2026,9,IQ Primaria,1er grado,2,6.0,16
2026,9,IQ Primaria,2do grado,1,0.0,2
2026,9,IQ Primaria,4to grado,5,1.2,6
2026,9,IQ Primaria,5to grado,15,3.6,27
2026,9,IQ Primaria,6to grado,4,1.5,8
2026,9,IQ Primaria,No especificado,2,2.0,7
2026,9,IQ Secundaria,1er grado,14,2.8,22
2026,9,IQ Secundaria,2do grado,77,17.2,89
2026,9,IQ Secundaria,3er grado,13,3.3,14
2026,9,IQ Secundaria,4to grado,62,10.2,88
2026,9,IQ Secundaria,5to grado,20,3.9,32
2026,9,IQ Secundaria,6to grado,621,301.5,1097
2026,9,IQ Secundaria,No especificado,6,10.7,19
